County,ranking year,structure columns,structure row,Year,Porportion of births out-of-wedlock,记录数
Ain,1,1,1,1990,25.6,1
Aisne,1,1,1,1990,33.1,1
Allier,1,1,1,1990,31.4,1
Alpes-de-Haute-Provence,1,1,1,1990,32.8,1
Alpes-Maritimes,1,1,1,1990,33.6,1
Ardèche,1,1,1,1990,27.4,1
Ardennes,1,1,1,1990,33.3,1
Ariège,1,1,1,1990,36.2,1
Aube,1,1,1,1990,33.4,1
Aude,1,1,1,1990,34.3,1
Aveyron,1,1,1,1990,22,1
Bas-Rhin,1,1,1,1990,22.4,1
Bouches-du-Rhône,1,1,1,1990,30,1
Calvados,1,1,1,1990,36.5,1
Cantal,1,1,1,1990,30.7,1
Charente,1,1,1,1990,34.1,1
Charente-Maritime,1,1,1,1990,36.7,1
Cher,1,1,1,1990,30.9,1
Corrèze,1,1,1,1990,27.8,1
Corse-du-Sud,1,1,1,1990,25.6,1
Côte-d'Or,1,1,1,1990,30.1,1
Côtes-d'Armor,1,1,1,1990,29.1,1
Creuse,1,1,1,1990,32.1,1
Deux-Sèvres,1,1,1,1990,25.1,1
Dordogne,1,1,1,1990,36,1
Doubs,1,1,1,1990,27.3,1
Drôme,1,1,1,1990,29.5,1
Essonne,1,1,1,1990,31.6,1
Eure,1,1,1,1990,33.9,1
Eure-et-Loir,1,1,1,1990,31.3,1
Finistère,1,1,1,1990,25.3,1
Gard,1,1,1,1990,29.2,1
Gers,1,1,1,1990,34.3,1
Gironde,1,1,1,1990,34.1,1
Haut-Rhin,1,1,1,1990,24.1,1
Haute-Corse,1,1,1,1990,25.8,1
Haute-Garonne,1,1,1,1990,31.8,1
Haute-Loire,1,1,1,1990,19.4,1
Haute-Marne,1,1,1,1990,32.7,1
Haute-Saône,1,1,1,1990,29.9,1
Haute-Savoie,1,1,1,1990,28.8,1
Haute-Vienne,1,1,1,1990,30.9,1
Hautes-Alpes,1,1,1,1990,32.7,1
Hautes-Pyrénées,1,1,1,1990,34.2,1
Hauts-de-Seine,1,1,1,1990,30.2,1
Hérault,1,1,1,1990,33.6,1
Ille-et-Vilaine,1,1,1,1990,25.8,1
Indre,1,1,1,1990,34.7,1
Indre-et-Loire,1,1,1,1990,32.3,1
Isère,1,1,1,1990,26.3,1
Jura,1,1,1,1990,28.8,1
Landes,1,1,1,1990,28.4,1
Loir-et-Cher,1,1,1,1990,31.3,1
Loire,1,1,1,1990,23,1
Loire-Atlantique,1,1,1,1990,28.7,1
Loiret,1,1,1,1990,29.8,1
Lot,1,1,1,1990,35.3,1
Lot-et-Garonne,1,1,1,1990,34.5,1
Lozère,1,1,1,1990,23.3,1
Maine-et-Loire,1,1,1,1990,25.7,1
Manche,1,1,1,1990,29.9,1
Marne,1,1,1,1990,32.9,1
Mayenne,1,1,1,1990,24.3,1
Meurthe-et-Moselle,1,1,1,1990,29.5,1
Meuse,1,1,1,1990,32.3,1
Morbihan,1,1,1,1990,27.5,1
Moselle,1,1,1,1990,22.6,1
Nièvre,1,1,1,1990,32.9,1
Nord,1,1,1,1990,28.5,1
Oise,1,1,1,1990,31.5,1
Orne,1,1,1,1990,32.1,1
Paris,1,1,1,1990,32.5,1
Pas-de-Calais,1,1,1,1990,29.5,1
Puy-de-Dôme,1,1,1,1990,31.3,1
Pyrénées-Atlantiques,1,1,1,1990,28.1,1
Pyrénées-Orientales,1,1,1,1990,36.5,1
Rhône,1,1,1,1990,26.1,1
Saône-et-Loire,1,1,1,1990,25.2,1
Sarthe,1,1,1,1990,31.2,1
Savoie,1,1,1,1990,28.4,1
Seine-et-Marne,1,1,1,1990,31.2,1
Seine-Maritime,1,1,1,1990,34.7,1
Seine-Saint-Denis,1,1,1,1990,34.5,1
Somme,1,1,1,1990,37.2,1
Tarn,1,1,1,1990,27.2,1
Tarn-et-Garonne,1,1,1,1990,33.8,1
Territoire de Belfort,1,1,1,1990,30,1
Val-d'Oise,1,1,1,1990,30.8,1
Val-de-Marne,1,1,1,1990,34,1
Var,1,1,1,1990,31.3,1
Vaucluse,1,1,1,1990,31.9,1
Vendée,1,1,1,1990,21.9,1
Vienne,1,1,1,1990,32.4,1
Vosges,1,1,1,1990,31.4,1
Yonne,1,1,1,1990,36.2,1
Yvelines,1,1,1,1990,26.5,1
Ain,2,2,1,1991,27.5,1
Aisne,2,2,1,1991,36.5,1
Allier,2,2,1,1991,34.5,1
Alpes-de-Haute-Provence,2,2,1,1991,38.2,1
Alpes-Maritimes,2,2,1,1991,35.8,1
Ardèche,2,2,1,1991,31,1
Ardennes,2,2,1,1991,35.7,1
Ariège,2,2,1,1991,37.6,1
Aube,2,2,1,1991,38,1
Aude,2,2,1,1991,34.4,1
Aveyron,2,2,1,1991,23.9,1
Bas-Rhin,2,2,1,1991,24.1,1
Bouches-du-Rhône,2,2,1,1991,31.1,1
Calvados,2,2,1,1991,38.5,1
Cantal,2,2,1,1991,33.1,1
Charente,2,2,1,1991,36.1,1
Charente-Maritime,2,2,1,1991,40.1,1
Cher,2,2,1,1991,33.4,1
Corrèze,2,2,1,1991,32.3,1
Corse-du-Sud,2,2,1,1991,27.7,1
Côte-d'Or,2,2,1,1991,31.9,1
Côtes-d'Armor,2,2,1,1991,30.8,1
Creuse,2,2,1,1991,36.7,1
Deux-Sèvres,2,2,1,1991,27.3,1
Dordogne,2,2,1,1991,37.4,1
Doubs,2,2,1,1991,29.6,1
Drôme,2,2,1,1991,31.4,1
Essonne,2,2,1,1991,33.6,1
Eure,2,2,1,1991,36.8,1
Eure-et-Loir,2,2,1,1991,33.3,1
Finistère,2,2,1,1991,27.1,1
Gard,2,2,1,1991,32.5,1
Gers,2,2,1,1991,38.7,1
Gironde,2,2,1,1991,36.1,1
Haut-Rhin,2,2,1,1991,25.7,1
Haute-Corse,2,2,1,1991,28.4,1
Haute-Garonne,2,2,1,1991,33,1
Haute-Loire,2,2,1,1991,24.4,1
Haute-Marne,2,2,1,1991,37.7,1
Haute-Saône,2,2,1,1991,30,1
Haute-Savoie,2,2,1,1991,30.9,1
Haute-Vienne,2,2,1,1991,33.2,1
Hautes-Alpes,2,2,1,1991,35.5,1
Hautes-Pyrénées,2,2,1,1991,36.1,1
Hauts-de-Seine,2,2,1,1991,30.2,1
Hérault,2,2,1,1991,35.1,1
Ille-et-Vilaine,2,2,1,1991,28.1,1
Indre,2,2,1,1991,36.7,1
Indre-et-Loire,2,2,1,1991,34.2,1
Isère,2,2,1,1991,28.6,1
Jura,2,2,1,1991,31,1
Landes,2,2,1,1991,30,1
Loir-et-Cher,2,2,1,1991,34.6,1
Loire,2,2,1,1991,25.8,1
Loire-Atlantique,2,2,1,1991,30.4,1
Loiret,2,2,1,1991,32,1
Lot,2,2,1,1991,35.2,1
Lot-et-Garonne,2,2,1,1991,35.4,1
Lozère,2,2,1,1991,25.5,1
Maine-et-Loire,2,2,1,1991,28.5,1
Manche,2,2,1,1991,31.8,1
Marne,2,2,1,1991,34.9,1
Mayenne,2,2,1,1991,26.2,1
Meurthe-et-Moselle,2,2,1,1991,31.9,1
Meuse,2,2,1,1991,32.4,1
Morbihan,2,2,1,1991,29.2,1
Moselle,2,2,1,1991,23.6,1
Nièvre,2,2,1,1991,36.2,1
Nord,2,2,1,1991,30.5,1
Oise,2,2,1,1991,33.9,1
Orne,2,2,1,1991,36,1
Paris,2,2,1,1991,33,1
Pas-de-Calais,2,2,1,1991,30.9,1
Puy-de-Dôme,2,2,1,1991,33.2,1
Pyrénées-Atlantiques,2,2,1,1991,29.6,1
Pyrénées-Orientales,2,2,1,1991,38,1
Rhône,2,2,1,1991,27.7,1
Saône-et-Loire,2,2,1,1991,27.2,1
Sarthe,2,2,1,1991,32.1,1
Savoie,2,2,1,1991,31,1
Seine-et-Marne,2,2,1,1991,33,1
Seine-Maritime,2,2,1,1991,36.1,1
Seine-Saint-Denis,2,2,1,1991,35.6,1
Somme,2,2,1,1991,38.3,1
Tarn,2,2,1,1991,29.8,1
Tarn-et-Garonne,2,2,1,1991,34.6,1
Territoire de Belfort,2,2,1,1991,34.2,1
Val-d'Oise,2,2,1,1991,31.7,1
Val-de-Marne,2,2,1,1991,35,1
Var,2,2,1,1991,32.9,1
Vaucluse,2,2,1,1991,32.9,1
Vendée,2,2,1,1991,23.8,1
Vienne,2,2,1,1991,33.5,1
Vosges,2,2,1,1991,33.3,1
Yonne,2,2,1,1991,37,1
Yvelines,2,2,1,1991,28.4,1
Ain,3,3,1,1992,26.7,1
Aisne,3,3,1,1992,38.5,1
Allier,3,3,1,1992,36.8,1
Alpes-de-Haute-Provence,3,3,1,1992,37.9,1
Alpes-Maritimes,3,3,1,1992,37.1,1
Ardèche,3,3,1,1992,31.7,1
Ardennes,3,3,1,1992,36.4,1
Ariège,3,3,1,1992,42.1,1
Aube,3,3,1,1992,37.9,1
Aude,3,3,1,1992,37.9,1
Aveyron,3,3,1,1992,27.3,1
Bas-Rhin,3,3,1,1992,25.4,1
Bouches-du-Rhône,3,3,1,1992,32.8,1
Calvados,3,3,1,1992,39.2,1
Cantal,3,3,1,1992,33.8,1
Charente,3,3,1,1992,36.7,1
Charente-Maritime,3,3,1,1992,42.7,1
Cher,3,3,1,1992,35.3,1
Corrèze,3,3,1,1992,35.4,1
Corse-du-Sud,3,3,1,1992,29.8,1
Côte-d'Or,3,3,1,1992,33.6,1
Côtes-d'Armor,3,3,1,1992,32.2,1
Creuse,3,3,1,1992,38.3,1
Deux-Sèvres,3,3,1,1992,29.1,1
Dordogne,3,3,1,1992,37.8,1
Doubs,3,3,1,1992,29.9,1
Drôme,3,3,1,1992,32.7,1
Essonne,3,3,1,1992,34.9,1
Eure,3,3,1,1992,38.5,1
Eure-et-Loir,3,3,1,1992,35.6,1
Finistère,3,3,1,1992,30.1,1
Gard,3,3,1,1992,34.4,1
Gers,3,3,1,1992,40.5,1
Gironde,3,3,1,1992,37.2,1
Haut-Rhin,3,3,1,1992,26.1,1
Haute-Corse,3,3,1,1992,31.7,1
Haute-Garonne,3,3,1,1992,34.2,1
Haute-Loire,3,3,1,1992,25.5,1
Haute-Marne,3,3,1,1992,39.2,1
Haute-Saône,3,3,1,1992,32.5,1
Haute-Savoie,3,3,1,1992,32.5,1
Haute-Vienne,3,3,1,1992,34.8,1
Hautes-Alpes,3,3,1,1992,35.7,1
Hautes-Pyrénées,3,3,1,1992,38.3,1
Hauts-de-Seine,3,3,1,1992,30.5,1
Hérault,3,3,1,1992,37.7,1
Ille-et-Vilaine,3,3,1,1992,28.7,1
Indre,3,3,1,1992,39.5,1
Indre-et-Loire,3,3,1,1992,36.5,1
Isère,3,3,1,1992,30.6,1
Jura,3,3,1,1992,34.6,1
Landes,3,3,1,1992,32.6,1
Loir-et-Cher,3,3,1,1992,35.5,1
Loire,3,3,1,1992,26.9,1
Loire-Atlantique,3,3,1,1992,31.9,1
Loiret,3,3,1,1992,32.7,1
Lot,3,3,1,1992,37.6,1
Lot-et-Garonne,3,3,1,1992,37,1
Lozère,3,3,1,1992,26.6,1
Maine-et-Loire,3,3,1,1992,30,1
Manche,3,3,1,1992,34.5,1
Marne,3,3,1,1992,35.6,1
Mayenne,3,3,1,1992,27.7,1
Meurthe-et-Moselle,3,3,1,1992,33.5,1
Meuse,3,3,1,1992,33.8,1
Morbihan,3,3,1,1992,30.5,1
Moselle,3,3,1,1992,25.5,1
Nièvre,3,3,1,1992,41.3,1
Nord,3,3,1,1992,32.2,1
Oise,3,3,1,1992,34.6,1
Orne,3,3,1,1992,36,1
Paris,3,3,1,1992,32.8,1
Pas-de-Calais,3,3,1,1992,34.4,1
Puy-de-Dôme,3,3,1,1992,36.2,1
Pyrénées-Atlantiques,3,3,1,1992,30.6,1
Pyrénées-Orientales,3,3,1,1992,40.8,1
Rhône,3,3,1,1992,28.2,1
Saône-et-Loire,3,3,1,1992,28.2,1
Sarthe,3,3,1,1992,34.1,1
Savoie,3,3,1,1992,33.9,1
Seine-et-Marne,3,3,1,1992,34.4,1
Seine-Maritime,3,3,1,1992,38.1,1
Seine-Saint-Denis,3,3,1,1992,35.7,1
Somme,3,3,1,1992,40.4,1
Tarn,3,3,1,1992,31.6,1
Tarn-et-Garonne,3,3,1,1992,36.7,1
Territoire de Belfort,3,3,1,1992,33.3,1
Val-d'Oise,3,3,1,1992,33.4,1
Val-de-Marne,3,3,1,1992,34.5,1
Var,3,3,1,1992,34.2,1
Vaucluse,3,3,1,1992,35.1,1
Vendée,3,3,1,1992,25.6,1
Vienne,3,3,1,1992,37,1
Vosges,3,3,1,1992,36,1
Yonne,3,3,1,1992,38.4,1
Yvelines,3,3,1,1992,29,1
Ain,4,4,1,1993,30,1
Aisne,4,4,1,1993,40.2,1
Allier,4,4,1,1993,36.4,1
Alpes-de-Haute-Provence,4,4,1,1993,42.5,1
Alpes-Maritimes,4,4,1,1993,37.9,1
Ardèche,4,4,1,1993,36.4,1
Ardennes,4,4,1,1993,37.6,1
Ariège,4,4,1,1993,42.2,1
Aube,4,4,1,1993,41.2,1
Aude,4,4,1,1993,40.6,1
Aveyron,4,4,1,1993,30.3,1
Bas-Rhin,4,4,1,1993,26.2,1
Bouches-du-Rhône,4,4,1,1993,35.2,1
Calvados,4,4,1,1993,40.8,1
Cantal,4,4,1,1993,37.5,1
Charente,4,4,1,1993,40.8,1
Charente-Maritime,4,4,1,1993,43,1
Cher,4,4,1,1993,39,1
Corrèze,4,4,1,1993,36.5,1
Corse-du-Sud,4,4,1,1993,31.9,1
Côte-d'Or,4,4,1,1993,34.7,1
Côtes-d'Armor,4,4,1,1993,35.8,1
Creuse,4,4,1,1993,40.6,1
Deux-Sèvres,4,4,1,1993,31.6,1
Dordogne,4,4,1,1993,41.8,1
Doubs,4,4,1,1993,32.3,1
Drôme,4,4,1,1993,36.1,1
Essonne,4,4,1,1993,35.8,1
Eure,4,4,1,1993,38.5,1
Eure-et-Loir,4,4,1,1993,36.2,1
Finistère,4,4,1,1993,32.5,1
Gard,4,4,1,1993,35.4,1
Gers,4,4,1,1993,42.1,1
Gironde,4,4,1,1993,39.2,1
Haut-Rhin,4,4,1,1993,27.9,1
Haute-Corse,4,4,1,1993,31.1,1
Haute-Garonne,4,4,1,1993,36.3,1
Haute-Loire,4,4,1,1993,29,1
Haute-Marne,4,4,1,1993,39.6,1
Haute-Saône,4,4,1,1993,36.6,1
Haute-Savoie,4,4,1,1993,32.7,1
Haute-Vienne,4,4,1,1993,38.5,1
Hautes-Alpes,4,4,1,1993,40.3,1
Hautes-Pyrénées,4,4,1,1993,41,1
Hauts-de-Seine,4,4,1,1993,31.2,1
Hérault,4,4,1,1993,39.5,1
Ille-et-Vilaine,4,4,1,1993,31.4,1
Indre,4,4,1,1993,40.4,1
Indre-et-Loire,4,4,1,1993,37.2,1
Isère,4,4,1,1993,31.5,1
Jura,4,4,1,1993,36.5,1
Landes,4,4,1,1993,35.1,1
Loir-et-Cher,4,4,1,1993,37.3,1
Loire,4,4,1,1993,29.1,1
Loire-Atlantique,4,4,1,1993,33.2,1
Loiret,4,4,1,1993,34.4,1
Lot,4,4,1,1993,39.3,1
Lot-et-Garonne,4,4,1,1993,40.5,1
Lozère,4,4,1,1993,30.4,1
Maine-et-Loire,4,4,1,1993,31.8,1
Manche,4,4,1,1993,35.9,1
Marne,4,4,1,1993,36.9,1
Mayenne,4,4,1,1993,31,1
Meurthe-et-Moselle,4,4,1,1993,34.9,1
Meuse,4,4,1,1993,36.7,1
Morbihan,4,4,1,1993,33.8,1
Moselle,4,4,1,1993,27.1,1
Nièvre,4,4,1,1993,42.6,1
Nord,4,4,1,1993,34.2,1
Oise,4,4,1,1993,36.4,1
Orne,4,4,1,1993,39.2,1
Paris,4,4,1,1993,33.7,1
Pas-de-Calais,4,4,1,1993,36.1,1
Puy-de-Dôme,4,4,1,1993,37.8,1
Pyrénées-Atlantiques,4,4,1,1993,32.7,1
Pyrénées-Orientales,4,4,1,1993,41.5,1
Rhône,4,4,1,1993,29.9,1
Saône-et-Loire,4,4,1,1993,31.1,1
Sarthe,4,4,1,1993,36.1,1
Savoie,4,4,1,1993,34.8,1
Seine-et-Marne,4,4,1,1993,36.3,1
Seine-Maritime,4,4,1,1993,40.1,1
Seine-Saint-Denis,4,4,1,1993,36.7,1
Somme,4,4,1,1993,44,1
Tarn,4,4,1,1993,31.1,1
Tarn-et-Garonne,4,4,1,1993,38.4,1
Territoire de Belfort,4,4,1,1993,34.4,1
Val-d'Oise,4,4,1,1993,35.2,1
Val-de-Marne,4,4,1,1993,35.5,1
Var,4,4,1,1993,36.1,1
Vaucluse,4,4,1,1993,35.6,1
Vendée,4,4,1,1993,27.3,1
Vienne,4,4,1,1993,40.9,1
Vosges,4,4,1,1993,37.2,1
Yonne,4,4,1,1993,41,1
Yvelines,4,4,1,1993,29.9,1
Ain,5,5,1,1994,31.1,1
Aisne,5,5,1,1994,42.7,1
Allier,5,5,1,1994,41.3,1
Alpes-de-Haute-Provence,5,5,1,1994,40.8,1
Alpes-Maritimes,5,5,1,1994,39.6,1
Ardèche,5,5,1,1994,37.4,1
Ardennes,5,5,1,1994,40.7,1
Ariège,5,5,1,1994,45.6,1
Aube,5,5,1,1994,40.9,1
Aude,5,5,1,1994,42.2,1
Aveyron,5,5,1,1994,30.9,1
Bas-Rhin,5,5,1,1994,27.8,1
Bouches-du-Rhône,5,5,1,1994,35.9,1
Calvados,5,5,1,1994,42.8,1
Cantal,5,5,1,1994,36.9,1
Charente,5,5,1,1994,42.1,1
Charente-Maritime,5,5,1,1994,45.8,1
Cher,5,5,1,1994,39,1
Corrèze,5,5,1,1994,40.8,1
Corse-du-Sud,5,5,1,1994,35.6,1
Côte-d'Or,5,5,1,1994,35.6,1
Côtes-d'Armor,5,5,1,1994,36.8,1
Creuse,5,5,1,1994,44.5,1
Deux-Sèvres,5,5,1,1994,33.4,1
Dordogne,5,5,1,1994,44.8,1
Doubs,5,5,1,1994,31.7,1
Drôme,5,5,1,1994,36,1
Essonne,5,5,1,1994,36.2,1
Eure,5,5,1,1994,40.4,1
Eure-et-Loir,5,5,1,1994,37.6,1
Finistère,5,5,1,1994,33.2,1
Gard,5,5,1,1994,37,1
Gers,5,5,1,1994,42.5,1
Gironde,5,5,1,1994,40.9,1
Haut-Rhin,5,5,1,1994,29.2,1
Haute-Corse,5,5,1,1994,33.2,1
Haute-Garonne,5,5,1,1994,37.7,1
Haute-Loire,5,5,1,1994,30,1
Haute-Marne,5,5,1,1994,42.3,1
Haute-Saône,5,5,1,1994,36,1
Haute-Savoie,5,5,1,1994,34.9,1
Haute-Vienne,5,5,1,1994,38.4,1
Hautes-Alpes,5,5,1,1994,41.6,1
Hautes-Pyrénées,5,5,1,1994,44.1,1
Hauts-de-Seine,5,5,1,1994,30.9,1
Hérault,5,5,1,1994,41.5,1
Ille-et-Vilaine,5,5,1,1994,32,1
Indre,5,5,1,1994,43,1
Indre-et-Loire,5,5,1,1994,39.1,1
Isère,5,5,1,1994,33.4,1
Jura,5,5,1,1994,36,1
Landes,5,5,1,1994,38.5,1
Loir-et-Cher,5,5,1,1994,39.1,1
Loire,5,5,1,1994,29.8,1
Loire-Atlantique,5,5,1,1994,34.7,1
Loiret,5,5,1,1994,34.6,1
Lot,5,5,1,1994,43.8,1
Lot-et-Garonne,5,5,1,1994,41.3,1
Lozère,5,5,1,1994,33.6,1
Maine-et-Loire,5,5,1,1994,32.3,1
Manche,5,5,1,1994,37.2,1
Marne,5,5,1,1994,38.5,1
Mayenne,5,5,1,1994,32.4,1
Meurthe-et-Moselle,5,5,1,1994,36.3,1
Meuse,5,5,1,1994,40.9,1
Morbihan,5,5,1,1994,35.3,1
Moselle,5,5,1,1994,28.6,1
Nièvre,5,5,1,1994,43.2,1
Nord,5,5,1,1994,36,1
Oise,5,5,1,1994,36.1,1
Orne,5,5,1,1994,42.7,1
Paris,5,5,1,1994,33.4,1
Pas-de-Calais,5,5,1,1994,38.3,1
Puy-de-Dôme,5,5,1,1994,38.7,1
Pyrénées-Atlantiques,5,5,1,1994,35.2,1
Pyrénées-Orientales,5,5,1,1994,46.3,1
Rhône,5,5,1,1994,30.9,1
Saône-et-Loire,5,5,1,1994,32.4,1
Sarthe,5,5,1,1994,36.6,1
Savoie,5,5,1,1994,38.4,1
Seine-et-Marne,5,5,1,1994,37.5,1
Seine-Maritime,5,5,1,1994,40.9,1
Seine-Saint-Denis,5,5,1,1994,36.9,1
Somme,5,5,1,1994,44.3,1
Tarn,5,5,1,1994,34.2,1
Tarn-et-Garonne,5,5,1,1994,41,1
Territoire de Belfort,5,5,1,1994,35.2,1
Val-d'Oise,5,5,1,1994,35.6,1
Val-de-Marne,5,5,1,1994,36.8,1
Var,5,5,1,1994,37.3,1
Vaucluse,5,5,1,1994,37.7,1
Vendée,5,5,1,1994,29.8,1
Vienne,5,5,1,1994,40.7,1
Vosges,5,5,1,1994,39.3,1
Yonne,5,5,1,1994,41.7,1
Yvelines,5,5,1,1994,30.3,1
Ain,6,6,1,1995,32.2,1
Aisne,6,6,1,1995,43.8,1
Allier,6,6,1,1995,41.2,1
Alpes-de-Haute-Provence,6,6,1,1995,44.1,1
Alpes-Maritimes,6,6,1,1995,41.3,1
Ardèche,6,6,1,1995,38.7,1
Ardennes,6,6,1,1995,41.4,1
Ariège,6,6,1,1995,46.9,1
Aube,6,6,1,1995,43.3,1
Aude,6,6,1,1995,43.6,1
Aveyron,6,6,1,1995,33.2,1
Bas-Rhin,6,6,1,1995,28.4,1
Bouches-du-Rhône,6,6,1,1995,38.1,1
Calvados,6,6,1,1995,43.6,1
Cantal,6,6,1,1995,42.8,1
Charente,6,6,1,1995,44.2,1
Charente-Maritime,6,6,1,1995,48.2,1
Cher,6,6,1,1995,41.7,1
Corrèze,6,6,1,1995,39.1,1
Corse-du-Sud,6,6,1,1995,37.2,1
Côte-d'Or,6,6,1,1995,38.6,1
Côtes-d'Armor,6,6,1,1995,38.2,1
Creuse,6,6,1,1995,44.6,1
Deux-Sèvres,6,6,1,1995,35.7,1
Dordogne,6,6,1,1995,45.9,1
Doubs,6,6,1,1995,34.2,1
Drôme,6,6,1,1995,38.9,1
Essonne,6,6,1,1995,37.7,1
Eure,6,6,1,1995,42.3,1
Eure-et-Loir,6,6,1,1995,39.4,1
Finistère,6,6,1,1995,35.1,1
Gard,6,6,1,1995,39.7,1
Gers,6,6,1,1995,43,1
Gironde,6,6,1,1995,42.1,1
Haut-Rhin,6,6,1,1995,31,1
Haute-Corse,6,6,1,1995,35.8,1
Haute-Garonne,6,6,1,1995,39.7,1
Haute-Loire,6,6,1,1995,33.7,1
Haute-Marne,6,6,1,1995,42.1,1
Haute-Saône,6,6,1,1995,38.7,1
Haute-Savoie,6,6,1,1995,37.3,1
Haute-Vienne,6,6,1,1995,41.1,1
Hautes-Alpes,6,6,1,1995,43,1
Hautes-Pyrénées,6,6,1,1995,47.4,1
Hauts-de-Seine,6,6,1,1995,32.3,1
Hérault,6,6,1,1995,42.2,1
Ille-et-Vilaine,6,6,1,1995,32.8,1
Indre,6,6,1,1995,45.6,1
Indre-et-Loire,6,6,1,1995,39,1
Isère,6,6,1,1995,34.1,1
Jura,6,6,1,1995,40.2,1
Landes,6,6,1,1995,38.1,1
Loir-et-Cher,6,6,1,1995,41.5,1
Loire,6,6,1,1995,31,1
Loire-Atlantique,6,6,1,1995,36.4,1
Loiret,6,6,1,1995,37.1,1
Lot,6,6,1,1995,47.7,1
Lot-et-Garonne,6,6,1,1995,44.7,1
Lozère,6,6,1,1995,36.8,1
Maine-et-Loire,6,6,1,1995,34.6,1
Manche,6,6,1,1995,39.3,1
Marne,6,6,1,1995,39.7,1
Mayenne,6,6,1,1995,33.3,1
Meurthe-et-Moselle,6,6,1,1995,37.8,1
Meuse,6,6,1,1995,43,1
Morbihan,6,6,1,1995,37.2,1
Moselle,6,6,1,1995,29.4,1
Nièvre,6,6,1,1995,44.7,1
Nord,6,6,1,1995,36.9,1
Oise,6,6,1,1995,38.7,1
Orne,6,6,1,1995,43.7,1
Paris,6,6,1,1995,34.4,1
Pas-de-Calais,6,6,1,1995,39.4,1
Puy-de-Dôme,6,6,1,1995,41,1
Pyrénées-Atlantiques,6,6,1,1995,36.9,1
Pyrénées-Orientales,6,6,1,1995,46.8,1
Rhône,6,6,1,1995,32.3,1
Saône-et-Loire,6,6,1,1995,34.1,1
Sarthe,6,6,1,1995,40,1
Savoie,6,6,1,1995,37.9,1
Seine-et-Marne,6,6,1,1995,38.5,1
Seine-Maritime,6,6,1,1995,42.5,1
Seine-Saint-Denis,6,6,1,1995,38.6,1
Somme,6,6,1,1995,45.2,1
Tarn,6,6,1,1995,38.6,1
Tarn-et-Garonne,6,6,1,1995,43.9,1
Territoire de Belfort,6,6,1,1995,37.7,1
Val-d'Oise,6,6,1,1995,36.4,1
Val-de-Marne,6,6,1,1995,37,1
Var,6,6,1,1995,38.5,1
Vaucluse,6,6,1,1995,39.2,1
Vendée,6,6,1,1995,31.5,1
Vienne,6,6,1,1995,42.5,1
Vosges,6,6,1,1995,40.3,1
Yonne,6,6,1,1995,43.7,1
Yvelines,6,6,1,1995,31.1,1
Ain,7,1,2,1996,32.5,1
Aisne,7,1,2,1996,46.1,1
Allier,7,1,2,1996,43,1
Alpes-de-Haute-Provence,7,1,2,1996,46,1
Alpes-Maritimes,7,1,2,1996,42.7,1
Ardèche,7,1,2,1996,41.6,1
Ardennes,7,1,2,1996,43.9,1
Ariège,7,1,2,1996,48.2,1
Aube,7,1,2,1996,43.4,1
Aude,7,1,2,1996,46.7,1
Aveyron,7,1,2,1996,36.9,1
Bas-Rhin,7,1,2,1996,30.2,1
Bouches-du-Rhône,7,1,2,1996,39.8,1
Calvados,7,1,2,1996,45,1
Cantal,7,1,2,1996,44.4,1
Charente,7,1,2,1996,45.5,1
Charente-Maritime,7,1,2,1996,48.2,1
Cher,7,1,2,1996,43.7,1
Corrèze,7,1,2,1996,44.3,1
Corse-du-Sud,7,1,2,1996,37.6,1
Côte-d'Or,7,1,2,1996,38.1,1
Côtes-d'Armor,7,1,2,1996,40.3,1
Creuse,7,1,2,1996,48.5,1
Deux-Sèvres,7,1,2,1996,37.6,1
Dordogne,7,1,2,1996,48.6,1
Doubs,7,1,2,1996,36.5,1
Drôme,7,1,2,1996,39.9,1
Essonne,7,1,2,1996,38.8,1
Eure,7,1,2,1996,43,1
Eure-et-Loir,7,1,2,1996,40.2,1
Finistère,7,1,2,1996,37.3,1
Gard,7,1,2,1996,40.1,1
Gers,7,1,2,1996,46.7,1
Gironde,7,1,2,1996,44,1
Haut-Rhin,7,1,2,1996,31.6,1
Haute-Corse,7,1,2,1996,39,1
Haute-Garonne,7,1,2,1996,41.3,1
Haute-Loire,7,1,2,1996,35,1
Haute-Marne,7,1,2,1996,44.1,1
Haute-Saône,7,1,2,1996,40.6,1
Haute-Savoie,7,1,2,1996,36.1,1
Haute-Vienne,7,1,2,1996,41.6,1
Hautes-Alpes,7,1,2,1996,43.8,1
Hautes-Pyrénées,7,1,2,1996,49.4,1
Hauts-de-Seine,7,1,2,1996,32.7,1
Hérault,7,1,2,1996,44.9,1
Ille-et-Vilaine,7,1,2,1996,35.6,1
Indre,7,1,2,1996,46.5,1
Indre-et-Loire,7,1,2,1996,40.9,1
Isère,7,1,2,1996,35.1,1
Jura,7,1,2,1996,39.4,1
Landes,7,1,2,1996,37.7,1
Loir-et-Cher,7,1,2,1996,40.1,1
Loire,7,1,2,1996,33.6,1
Loire-Atlantique,7,1,2,1996,38.3,1
Loiret,7,1,2,1996,39,1
Lot,7,1,2,1996,48.3,1
Lot-et-Garonne,7,1,2,1996,43.8,1
Lozère,7,1,2,1996,38.9,1
Maine-et-Loire,7,1,2,1996,35.9,1
Manche,7,1,2,1996,41.3,1
Marne,7,1,2,1996,40.6,1
Mayenne,7,1,2,1996,36.1,1
Meurthe-et-Moselle,7,1,2,1996,39.3,1
Meuse,7,1,2,1996,42.1,1
Morbihan,7,1,2,1996,37.9,1
Moselle,7,1,2,1996,31.1,1
Nièvre,7,1,2,1996,44.5,1
Nord,7,1,2,1996,38.8,1
Oise,7,1,2,1996,41.3,1
Orne,7,1,2,1996,44.7,1
Paris,7,1,2,1996,34.8,1
Pas-de-Calais,7,1,2,1996,41,1
Puy-de-Dôme,7,1,2,1996,43.1,1
Pyrénées-Atlantiques,7,1,2,1996,37.5,1
Pyrénées-Orientales,7,1,2,1996,48.2,1
Rhône,7,1,2,1996,33.5,1
Saône-et-Loire,7,1,2,1996,36.1,1
Sarthe,7,1,2,1996,40.4,1
Savoie,7,1,2,1996,40.6,1
Seine-et-Marne,7,1,2,1996,39.3,1
Seine-Maritime,7,1,2,1996,42.7,1
Seine-Saint-Denis,7,1,2,1996,39.4,1
Somme,7,1,2,1996,46.1,1
Tarn,7,1,2,1996,37.2,1
Tarn-et-Garonne,7,1,2,1996,46.1,1
Territoire de Belfort,7,1,2,1996,37.6,1
Val-d'Oise,7,1,2,1996,37.9,1
Val-de-Marne,7,1,2,1996,38.1,1
Var,7,1,2,1996,39.9,1
Vaucluse,7,1,2,1996,42,1
Vendée,7,1,2,1996,32,1
Vienne,7,1,2,1996,43.3,1
Vosges,7,1,2,1996,42.3,1
Yonne,7,1,2,1996,44,1
Yvelines,7,1,2,1996,32.1,1
Ain,8,2,2,1997,34.8,1
Aisne,8,2,2,1997,47.6,1
Allier,8,2,2,1997,47,1
Alpes-de-Haute-Provence,8,2,2,1997,45,1
Alpes-Maritimes,8,2,2,1997,43.8,1
Ardèche,8,2,2,1997,42.7,1
Ardennes,8,2,2,1997,43.1,1
Ariège,8,2,2,1997,52.1,1
Aube,8,2,2,1997,45.8,1
Aude,8,2,2,1997,48.1,1
Aveyron,8,2,2,1997,36.7,1
Bas-Rhin,8,2,2,1997,31.3,1
Bouches-du-Rhône,8,2,2,1997,41.2,1
Calvados,8,2,2,1997,46.4,1
Cantal,8,2,2,1997,47.3,1
Charente,8,2,2,1997,46.6,1
Charente-Maritime,8,2,2,1997,49.2,1
Cher,8,2,2,1997,45.1,1
Corrèze,8,2,2,1997,46.7,1
Corse-du-Sud,8,2,2,1997,39.4,1
Côte-d'Or,8,2,2,1997,39.6,1
Côtes-d'Armor,8,2,2,1997,42.6,1
Creuse,8,2,2,1997,47.4,1
Deux-Sèvres,8,2,2,1997,38.2,1
Dordogne,8,2,2,1997,49.2,1
Doubs,8,2,2,1997,36.5,1
Drôme,8,2,2,1997,42.8,1
Essonne,8,2,2,1997,39.9,1
Eure,8,2,2,1997,43.9,1
Eure-et-Loir,8,2,2,1997,41,1
Finistère,8,2,2,1997,39,1
Gard,8,2,2,1997,42.2,1
Gers,8,2,2,1997,47.4,1
Gironde,8,2,2,1997,44.6,1
Haut-Rhin,8,2,2,1997,33.2,1
Haute-Corse,8,2,2,1997,40.6,1
Haute-Garonne,8,2,2,1997,41.7,1
Haute-Loire,8,2,2,1997,37.6,1
Haute-Marne,8,2,2,1997,46.9,1
Haute-Saône,8,2,2,1997,41.5,1
Haute-Savoie,8,2,2,1997,37.5,1
Haute-Vienne,8,2,2,1997,42.9,1
Hautes-Alpes,8,2,2,1997,43.9,1
Hautes-Pyrénées,8,2,2,1997,49,1
Hauts-de-Seine,8,2,2,1997,33.5,1
Hérault,8,2,2,1997,45.3,1
Ille-et-Vilaine,8,2,2,1997,36.7,1
Indre,8,2,2,1997,48.6,1
Indre-et-Loire,8,2,2,1997,43,1
Isère,8,2,2,1997,36.8,1
Jura,8,2,2,1997,42.1,1
Landes,8,2,2,1997,41.3,1
Loir-et-Cher,8,2,2,1997,42.9,1
Loire,8,2,2,1997,34.5,1
Loire-Atlantique,8,2,2,1997,39,1
Loiret,8,2,2,1997,39.1,1
Lot,8,2,2,1997,50.2,1
Lot-et-Garonne,8,2,2,1997,49.4,1
Lozère,8,2,2,1997,40.2,1
Maine-et-Loire,8,2,2,1997,38,1
Manche,8,2,2,1997,42.9,1
Marne,8,2,2,1997,41.2,1
Mayenne,8,2,2,1997,36.5,1
Meurthe-et-Moselle,8,2,2,1997,39.9,1
Meuse,8,2,2,1997,41.5,1
Morbihan,8,2,2,1997,40.3,1
Moselle,8,2,2,1997,32.2,1
Nièvre,8,2,2,1997,47.3,1
Nord,8,2,2,1997,40.1,1
Oise,8,2,2,1997,41.2,1
Orne,8,2,2,1997,44.3,1
Paris,8,2,2,1997,35.1,1
Pas-de-Calais,8,2,2,1997,42.8,1
Puy-de-Dôme,8,2,2,1997,43,1
Pyrénées-Atlantiques,8,2,2,1997,39.4,1
Pyrénées-Orientales,8,2,2,1997,50.1,1
Rhône,8,2,2,1997,33.9,1
Saône-et-Loire,8,2,2,1997,37.2,1
Sarthe,8,2,2,1997,41.1,1
Savoie,8,2,2,1997,41.3,1
Seine-et-Marne,8,2,2,1997,40.2,1
Seine-Maritime,8,2,2,1997,44.4,1
Seine-Saint-Denis,8,2,2,1997,40,1
Somme,8,2,2,1997,47.7,1
Tarn,8,2,2,1997,38.9,1
Tarn-et-Garonne,8,2,2,1997,46.7,1
Territoire de Belfort,8,2,2,1997,35.9,1
Val-d'Oise,8,2,2,1997,39,1
Val-de-Marne,8,2,2,1997,38.7,1
Var,8,2,2,1997,42.1,1
Vaucluse,8,2,2,1997,41.8,1
Vendée,8,2,2,1997,33.6,1
Vienne,8,2,2,1997,44.1,1
Vosges,8,2,2,1997,43.3,1
Yonne,8,2,2,1997,47.4,1
Yvelines,8,2,2,1997,32.9,1
Ain,9,3,2,1998,35.8,1
Aisne,9,3,2,1998,47.5,1
Allier,9,3,2,1998,46.5,1
Alpes-de-Haute-Provence,9,3,2,1998,47.5,1
Alpes-Maritimes,9,3,2,1998,44,1
Ardèche,9,3,2,1998,43.6,1
Ardennes,9,3,2,1998,43.5,1
Ariège,9,3,2,1998,54.9,1
Aube,9,3,2,1998,45.6,1
Aude,9,3,2,1998,47.5,1
Aveyron,9,3,2,1998,39.4,1
Bas-Rhin,9,3,2,1998,31.5,1
Bouches-du-Rhône,9,3,2,1998,41.5,1
Calvados,9,3,2,1998,47.7,1
Cantal,9,3,2,1998,49.1,1
Charente,9,3,2,1998,48.5,1
Charente-Maritime,9,3,2,1998,51,1
Cher,9,3,2,1998,45.4,1
Corrèze,9,3,2,1998,46.8,1
Corse-du-Sud,9,3,2,1998,43.6,1
Côte-d'Or,9,3,2,1998,40.3,1
Côtes-d'Armor,9,3,2,1998,42.7,1
Creuse,9,3,2,1998,47.8,1
Deux-Sèvres,9,3,2,1998,39.9,1
Dordogne,9,3,2,1998,49.9,1
Doubs,9,3,2,1998,39.1,1
Drôme,9,3,2,1998,42.3,1
Essonne,9,3,2,1998,40.1,1
Eure,9,3,2,1998,44.9,1
Eure-et-Loir,9,3,2,1998,41.4,1
Finistère,9,3,2,1998,39.5,1
Gard,9,3,2,1998,42.1,1
Gers,9,3,2,1998,50.6,1
Gironde,9,3,2,1998,45.4,1
Haut-Rhin,9,3,2,1998,33.2,1
Haute-Corse,9,3,2,1998,41.4,1
Haute-Garonne,9,3,2,1998,41.9,1
Haute-Loire,9,3,2,1998,39,1
Haute-Marne,9,3,2,1998,46.3,1
Haute-Saône,9,3,2,1998,42.9,1
Haute-Savoie,9,3,2,1998,39.7,1
Haute-Vienne,9,3,2,1998,44.6,1
Hautes-Alpes,9,3,2,1998,46.5,1
Hautes-Pyrénées,9,3,2,1998,50.7,1
Hauts-de-Seine,9,3,2,1998,34,1
Hérault,9,3,2,1998,45.8,1
Ille-et-Vilaine,9,3,2,1998,36.9,1
Indre,9,3,2,1998,48.1,1
Indre-et-Loire,9,3,2,1998,43.3,1
Isère,9,3,2,1998,37.4,1
Jura,9,3,2,1998,41.6,1
Landes,9,3,2,1998,41.4,1
Loir-et-Cher,9,3,2,1998,44.6,1
Loire,9,3,2,1998,35,1
Loire-Atlantique,9,3,2,1998,40.9,1
Loiret,9,3,2,1998,39.6,1
Lot,9,3,2,1998,50.9,1
Lot-et-Garonne,9,3,2,1998,47.6,1
Lozère,9,3,2,1998,42,1
Maine-et-Loire,9,3,2,1998,38.2,1
Manche,9,3,2,1998,43.7,1
Marne,9,3,2,1998,42.6,1
Mayenne,9,3,2,1998,37.6,1
Meurthe-et-Moselle,9,3,2,1998,41.1,1
Meuse,9,3,2,1998,42.3,1
Morbihan,9,3,2,1998,41.3,1
Moselle,9,3,2,1998,33.6,1
Nièvre,9,3,2,1998,48.6,1
Nord,9,3,2,1998,40.4,1
Oise,9,3,2,1998,42.4,1
Orne,9,3,2,1998,45.2,1
Paris,9,3,2,1998,35.7,1
Pas-de-Calais,9,3,2,1998,43,1
Puy-de-Dôme,9,3,2,1998,44.4,1
Pyrénées-Atlantiques,9,3,2,1998,40.1,1
Pyrénées-Orientales,9,3,2,1998,50.3,1
Rhône,9,3,2,1998,34.3,1
Saône-et-Loire,9,3,2,1998,38.1,1
Sarthe,9,3,2,1998,40.8,1
Savoie,9,3,2,1998,42.6,1
Seine-et-Marne,9,3,2,1998,41,1
Seine-Maritime,9,3,2,1998,45.9,1
Seine-Saint-Denis,9,3,2,1998,40.1,1
Somme,9,3,2,1998,50.4,1
Tarn,9,3,2,1998,39.7,1
Tarn-et-Garonne,9,3,2,1998,49.1,1
Territoire de Belfort,9,3,2,1998,39.1,1
Val-d'Oise,9,3,2,1998,39,1
Val-de-Marne,9,3,2,1998,39.3,1
Var,9,3,2,1998,42.9,1
Vaucluse,9,3,2,1998,43.3,1
Vendée,9,3,2,1998,37.3,1
Vienne,9,3,2,1998,46.2,1
Vosges,9,3,2,1998,43.5,1
Yonne,9,3,2,1998,46.7,1
Yvelines,9,3,2,1998,33.2,1
Ain,10,4,2,1999,37.7,1
Aisne,10,4,2,1999,49,1
Allier,10,4,2,1999,48.3,1
Alpes-de-Haute-Provence,10,4,2,1999,49.2,1
Alpes-Maritimes,10,4,2,1999,45.7,1
Ardèche,10,4,2,1999,44.9,1
Ardennes,10,4,2,1999,46,1
Ariège,10,4,2,1999,55.7,1
Aube,10,4,2,1999,46.2,1
Aude,10,4,2,1999,50,1
Aveyron,10,4,2,1999,41.6,1
Bas-Rhin,10,4,2,1999,32.1,1
Bouches-du-Rhône,10,4,2,1999,42.7,1
Calvados,10,4,2,1999,47.2,1
Cantal,10,4,2,1999,48.6,1
Charente,10,4,2,1999,49.3,1
Charente-Maritime,10,4,2,1999,51.4,1
Cher,10,4,2,1999,46.2,1
Corrèze,10,4,2,1999,47,1
Corse-du-Sud,10,4,2,1999,44.3,1
Côte-d'Or,10,4,2,1999,42.1,1
Côtes-d'Armor,10,4,2,1999,43.6,1
Creuse,10,4,2,1999,49.6,1
Deux-Sèvres,10,4,2,1999,41.6,1
Dordogne,10,4,2,1999,51.5,1
Doubs,10,4,2,1999,39.2,1
Drôme,10,4,2,1999,44.4,1
Essonne,10,4,2,1999,40.4,1
Eure,10,4,2,1999,45.4,1
Eure-et-Loir,10,4,2,1999,42.1,1
Finistère,10,4,2,1999,40.9,1
Gard,10,4,2,1999,44.2,1
Gers,10,4,2,1999,51,1
Gironde,10,4,2,1999,46.1,1
Haut-Rhin,10,4,2,1999,35.2,1
Haute-Corse,10,4,2,1999,43,1
Haute-Garonne,10,4,2,1999,43.9,1
Haute-Loire,10,4,2,1999,39.4,1
Haute-Marne,10,4,2,1999,45.9,1
Haute-Saône,10,4,2,1999,44.7,1
Haute-Savoie,10,4,2,1999,38.9,1
Haute-Vienne,10,4,2,1999,45.1,1
Hautes-Alpes,10,4,2,1999,46.6,1
Hautes-Pyrénées,10,4,2,1999,51.9,1
Hauts-de-Seine,10,4,2,1999,33.9,1
Hérault,10,4,2,1999,48.2,1
Ille-et-Vilaine,10,4,2,1999,38.8,1
Indre,10,4,2,1999,50.7,1
Indre-et-Loire,10,4,2,1999,43.6,1
Isère,10,4,2,1999,38.3,1
Jura,10,4,2,1999,41.1,1
Landes,10,4,2,1999,43.7,1
Loir-et-Cher,10,4,2,1999,45.4,1
Loire,10,4,2,1999,36.7,1
Loire-Atlantique,10,4,2,1999,41.7,1
Loiret,10,4,2,1999,41.6,1
Lot,10,4,2,1999,51.2,1
Lot-et-Garonne,10,4,2,1999,49.1,1
Lozère,10,4,2,1999,42.6,1
Maine-et-Loire,10,4,2,1999,38.7,1
Manche,10,4,2,1999,45.1,1
Marne,10,4,2,1999,43.9,1
Mayenne,10,4,2,1999,40.1,1
Meurthe-et-Moselle,10,4,2,1999,41.3,1
Meuse,10,4,2,1999,45.5,1
Morbihan,10,4,2,1999,42.4,1
Moselle,10,4,2,1999,34.8,1
Nièvre,10,4,2,1999,49.7,1
Nord,10,4,2,1999,42.1,1
Oise,10,4,2,1999,42.7,1
Orne,10,4,2,1999,47.3,1
Paris,10,4,2,1999,36.3,1
Pas-de-Calais,10,4,2,1999,43.8,1
Puy-de-Dôme,10,4,2,1999,45.3,1
Pyrénées-Atlantiques,10,4,2,1999,41.7,1
Pyrénées-Orientales,10,4,2,1999,53.3,1
Rhône,10,4,2,1999,35.9,1
Saône-et-Loire,10,4,2,1999,38.3,1
Sarthe,10,4,2,1999,42.9,1
Savoie,10,4,2,1999,43.8,1
Seine-et-Marne,10,4,2,1999,41.9,1
Seine-Maritime,10,4,2,1999,46.2,1
Seine-Saint-Denis,10,4,2,1999,41.4,1
Somme,10,4,2,1999,48.7,1
Tarn,10,4,2,1999,42.5,1
Tarn-et-Garonne,10,4,2,1999,50.5,1
Territoire de Belfort,10,4,2,1999,39.6,1
Val-d'Oise,10,4,2,1999,39.9,1
Val-de-Marne,10,4,2,1999,39.5,1
Var,10,4,2,1999,43.6,1
Vaucluse,10,4,2,1999,44.5,1
Vendée,10,4,2,1999,38.4,1
Vienne,10,4,2,1999,45.9,1
Vosges,10,4,2,1999,44.4,1
Yonne,10,4,2,1999,48.7,1
Yvelines,10,4,2,1999,34,1
Ain,11,5,2,2000,37.2,1
Aisne,11,5,2,2000,49.7,1
Allier,11,5,2,2000,48.9,1
Alpes-de-Haute-Provence,11,5,2,2000,49.8,1
Alpes-Maritimes,11,5,2,2000,45.8,1
Ardèche,11,5,2,2000,46.7,1
Ardennes,11,5,2,2000,45.8,1
Ariège,11,5,2,2000,54.2,1
Aube,11,5,2,2000,47.5,1
Aude,11,5,2,2000,48.5,1
Aveyron,11,5,2,2000,41.7,1
Bas-Rhin,11,5,2,2000,33.5,1
Bouches-du-Rhône,11,5,2,2000,43.9,1
Calvados,11,5,2,2000,48.4,1
Cantal,11,5,2,2000,49.1,1
Charente,11,5,2,2000,50.6,1
Charente-Maritime,11,5,2,2000,52.9,1
Cher,11,5,2,2000,46.7,1
Corrèze,11,5,2,2000,48.9,1
Corse-du-Sud,11,5,2,2000,42.1,1
Côte-d'Or,11,5,2,2000,42.3,1
Côtes-d'Armor,11,5,2,2000,45.6,1
Creuse,11,5,2,2000,52,1
Deux-Sèvres,11,5,2,2000,43.2,1
Dordogne,11,5,2,2000,54.6,1
Doubs,11,5,2,2000,40.4,1
Drôme,11,5,2,2000,45.6,1
Essonne,11,5,2,2000,42,1
Eure,11,5,2,2000,46.4,1
Eure-et-Loir,11,5,2,2000,42.9,1
Finistère,11,5,2,2000,45.6,1
Gard,11,5,2,2000,45.3,1
Gers,11,5,2,2000,52.4,1
Gironde,11,5,2,2000,46.5,1
Haut-Rhin,11,5,2,2000,35.8,1
Haute-Corse,11,5,2,2000,45.7,1
Haute-Garonne,11,5,2,2000,44.8,1
Haute-Loire,11,5,2,2000,42.5,1
Haute-Marne,11,5,2,2000,49.7,1
Haute-Saône,11,5,2,2000,43.6,1
Haute-Savoie,11,5,2,2000,40.3,1
Haute-Vienne,11,5,2,2000,47.4,1
Hautes-Alpes,11,5,2,2000,48.5,1
Hautes-Pyrénées,11,5,2,2000,49.6,1
Hauts-de-Seine,11,5,2,2000,34.4,1
Hérault,11,5,2,2000,50.2,1
Ille-et-Vilaine,11,5,2,2000,40.1,1
Indre,11,5,2,2000,52.2,1
Indre-et-Loire,11,5,2,2000,44.6,1
Isère,11,5,2,2000,38.9,1
Jura,11,5,2,2000,44.3,1
Landes,11,5,2,2000,44.6,1
Loir-et-Cher,11,5,2,2000,45.1,1
Loire,11,5,2,2000,37,1
Loire-Atlantique,11,5,2,2000,42.9,1
Loiret,11,5,2,2000,43.1,1
Lot,11,5,2,2000,51,1
Lot-et-Garonne,11,5,2,2000,50.2,1
Lozère,11,5,2,2000,43.4,1
Maine-et-Loire,11,5,2,2000,41.2,1
Manche,11,5,2,2000,45.8,1
Marne,11,5,2,2000,43.6,1
Mayenne,11,5,2,2000,39,1
Meurthe-et-Moselle,11,5,2,2000,42.9,1
Meuse,11,5,2,2000,45,1
Morbihan,11,5,2,2000,43.2,1
Moselle,11,5,2,2000,36,1
Nièvre,11,5,2,2000,50.5,1
Nord,11,5,2,2000,42.3,1
Oise,11,5,2,2000,44,1
Orne,11,5,2,2000,47.4,1
Paris,11,5,2,2000,36.6,1
Pas-de-Calais,11,5,2,2000,44.3,1
Puy-de-Dôme,11,5,2,2000,46,1
Pyrénées-Atlantiques,11,5,2,2000,42.4,1
Pyrénées-Orientales,11,5,2,2000,51.9,1
Rhône,11,5,2,2000,36.2,1
Saône-et-Loire,11,5,2,2000,41.2,1
Sarthe,11,5,2,2000,44.4,1
Savoie,11,5,2,2000,43.4,1
Seine-et-Marne,11,5,2,2000,43.2,1
Seine-Maritime,11,5,2,2000,47.3,1
Seine-Saint-Denis,11,5,2,2000,41.6,1
Somme,11,5,2,2000,49.7,1
Tarn,11,5,2,2000,43.1,1
Tarn-et-Garonne,11,5,2,2000,51.8,1
Territoire de Belfort,11,5,2,2000,39.3,1
Val-d'Oise,11,5,2,2000,40.9,1
Val-de-Marne,11,5,2,2000,41.4,1
Var,11,5,2,2000,43.6,1
Vaucluse,11,5,2,2000,45.7,1
Vendée,11,5,2,2000,40,1
Vienne,11,5,2,2000,48.2,1
Vosges,11,5,2,2000,46.2,1
Yonne,11,5,2,2000,48.2,1
Yvelines,11,5,2,2000,34.8,1
Ain,12,6,2,2001,39.4,1
Aisne,12,6,2,2001,51.1,1
Allier,12,6,2,2001,50.4,1
Alpes-de-Haute-Provence,12,6,2,2001,53.1,1
Alpes-Maritimes,12,6,2,2001,45.6,1
Ardèche,12,6,2,2001,48.9,1
Ardennes,12,6,2,2001,47.3,1
Ariège,12,6,2,2001,57,1
Aube,12,6,2,2001,49.3,1
Aude,12,6,2,2001,50.5,1
Aveyron,12,6,2,2001,42.5,1
Bas-Rhin,12,6,2,2001,35.4,1
Bouches-du-Rhône,12,6,2,2001,45.4,1
Calvados,12,6,2,2001,50.1,1
Cantal,12,6,2,2001,49.4,1
Charente,12,6,2,2001,51.1,1
Charente-Maritime,12,6,2,2001,53.9,1
Cher,12,6,2,2001,47.8,1
Corrèze,12,6,2,2001,48.9,1
Corse-du-Sud,12,6,2,2001,48.2,1
Côte-d'Or,12,6,2,2001,42.5,1
Côtes-d'Armor,12,6,2,2001,47,1
Creuse,12,6,2,2001,54.6,1
Deux-Sèvres,12,6,2,2001,45.5,1
Dordogne,12,6,2,2001,53.2,1
Doubs,12,6,2,2001,41.6,1
Drôme,12,6,2,2001,45.6,1
Essonne,12,6,2,2001,43.1,1
Eure,12,6,2,2001,47.6,1
Eure-et-Loir,12,6,2,2001,43.9,1
Finistère,12,6,2,2001,43.6,1
Gard,12,6,2,2001,45.3,1
Gers,12,6,2,2001,54.1,1
Gironde,12,6,2,2001,48.2,1
Haut-Rhin,12,6,2,2001,37.2,1
Haute-Corse,12,6,2,2001,47.9,1
Haute-Garonne,12,6,2,2001,46.4,1
Haute-Loire,12,6,2,2001,41.1,1
Haute-Marne,12,6,2,2001,50.3,1
Haute-Saône,12,6,2,2001,46.9,1
Haute-Savoie,12,6,2,2001,41.3,1
Haute-Vienne,12,6,2,2001,48,1
Hautes-Alpes,12,6,2,2001,47.8,1
Hautes-Pyrénées,12,6,2,2001,53.2,1
Hauts-de-Seine,12,6,2,2001,35.6,1
Hérault,12,6,2,2001,49.8,1
Ille-et-Vilaine,12,6,2,2001,41.5,1
Indre,12,6,2,2001,51.5,1
Indre-et-Loire,12,6,2,2001,44.9,1
Isère,12,6,2,2001,39.7,1
Jura,12,6,2,2001,46,1
Landes,12,6,2,2001,47,1
Loir-et-Cher,12,6,2,2001,45.6,1
Loire,12,6,2,2001,37.5,1
Loire-Atlantique,12,6,2,2001,43.5,1
Loiret,12,6,2,2001,43.5,1
Lot,12,6,2,2001,52.9,1
Lot-et-Garonne,12,6,2,2001,51.2,1
Lozère,12,6,2,2001,46.2,1
Maine-et-Loire,12,6,2,2001,42.2,1
Manche,12,6,2,2001,47.5,1
Marne,12,6,2,2001,44.2,1
Mayenne,12,6,2,2001,40.4,1
Meurthe-et-Moselle,12,6,2,2001,44.3,1
Meuse,12,6,2,2001,46.8,1
Morbihan,12,6,2,2001,45.3,1
Moselle,12,6,2,2001,36.9,1
Nièvre,12,6,2,2001,52.1,1
Nord,12,6,2,2001,43.5,1
Oise,12,6,2,2001,44.9,1
Orne,12,6,2,2001,47.4,1
Paris,12,6,2,2001,37.8,1
Pas-de-Calais,12,6,2,2001,45.7,1
Puy-de-Dôme,12,6,2,2001,45.9,1
Pyrénées-Atlantiques,12,6,2,2001,44.3,1
Pyrénées-Orientales,12,6,2,2001,53.8,1
Rhône,12,6,2,2001,36.8,1
Saône-et-Loire,12,6,2,2001,41.9,1
Sarthe,12,6,2,2001,45.1,1
Savoie,12,6,2,2001,43.7,1
Seine-et-Marne,12,6,2,2001,44.2,1
Seine-Maritime,12,6,2,2001,49,1
Seine-Saint-Denis,12,6,2,2001,42,1
Somme,12,6,2,2001,50.7,1
Tarn,12,6,2,2001,45.2,1
Tarn-et-Garonne,12,6,2,2001,49.7,1
Territoire de Belfort,12,6,2,2001,42.2,1
Val-d'Oise,12,6,2,2001,41.8,1
Val-de-Marne,12,6,2,2001,42.4,1
Var,12,6,2,2001,45.8,1
Vaucluse,12,6,2,2001,46.3,1
Vendée,12,6,2,2001,42,1
Vienne,12,6,2,2001,49.3,1
Vosges,12,6,2,2001,46.9,1
Yonne,12,6,2,2001,50.4,1
Yvelines,12,6,2,2001,35.8,1
Ain,13,1,3,2002,39.2,1
Aisne,13,1,3,2002,53.3,1
Allier,13,1,3,2002,51.7,1
Alpes-de-Haute-Provence,13,1,3,2002,53.4,1
Alpes-Maritimes,13,1,3,2002,47.2,1
Ardèche,13,1,3,2002,47.7,1
Ardennes,13,1,3,2002,47.5,1
Ariège,13,1,3,2002,57.4,1
Aube,13,1,3,2002,48.6,1
Aude,13,1,3,2002,52.2,1
Aveyron,13,1,3,2002,43.1,1
Bas-Rhin,13,1,3,2002,36,1
Bouches-du-Rhône,13,1,3,2002,45.9,1
Calvados,13,1,3,2002,49.6,1
Cantal,13,1,3,2002,51.7,1
Charente,13,1,3,2002,51.4,1
Charente-Maritime,13,1,3,2002,54.3,1
Cher,13,1,3,2002,48,1
Corrèze,13,1,3,2002,49.1,1
Corse-du-Sud,13,1,3,2002,48.8,1
Côte-d'Or,13,1,3,2002,43.9,1
Côtes-d'Armor,13,1,3,2002,48,1
Creuse,13,1,3,2002,54,1
Deux-Sèvres,13,1,3,2002,44.5,1
Dordogne,13,1,3,2002,55.3,1
Doubs,13,1,3,2002,41.6,1
Drôme,13,1,3,2002,46.3,1
Essonne,13,1,3,2002,43.5,1
Eure,13,1,3,2002,47.9,1
Eure-et-Loir,13,1,3,2002,43.7,1
Finistère,13,1,3,2002,44.4,1
Gard,13,1,3,2002,45.4,1
Gers,13,1,3,2002,54.3,1
Gironde,13,1,3,2002,48.7,1
Haut-Rhin,13,1,3,2002,37.8,1
Haute-Corse,13,1,3,2002,49.9,1
Haute-Garonne,13,1,3,2002,46,1
Haute-Loire,13,1,3,2002,42.9,1
Haute-Marne,13,1,3,2002,49.5,1
Haute-Saône,13,1,3,2002,47.8,1
Haute-Savoie,13,1,3,2002,41.9,1
Haute-Vienne,13,1,3,2002,47.7,1
Hautes-Alpes,13,1,3,2002,51.3,1
Hautes-Pyrénées,13,1,3,2002,56,1
Hauts-de-Seine,13,1,3,2002,35.3,1
Hérault,13,1,3,2002,49.3,1
Ille-et-Vilaine,13,1,3,2002,42.8,1
Indre,13,1,3,2002,52.3,1
Indre-et-Loire,13,1,3,2002,45.6,1
Isère,13,1,3,2002,40.4,1
Jura,13,1,3,2002,45.4,1
Landes,13,1,3,2002,48.1,1
Loir-et-Cher,13,1,3,2002,46.8,1
Loire,13,1,3,2002,38.5,1
Loire-Atlantique,13,1,3,2002,44.2,1
Loiret,13,1,3,2002,43.6,1
Lot,13,1,3,2002,53.7,1
Lot-et-Garonne,13,1,3,2002,50.7,1
Lozère,13,1,3,2002,44.5,1
Maine-et-Loire,13,1,3,2002,43.7,1
Manche,13,1,3,2002,48.2,1
Marne,13,1,3,2002,45.6,1
Mayenne,13,1,3,2002,42.4,1
Meurthe-et-Moselle,13,1,3,2002,44.9,1
Meuse,13,1,3,2002,46.9,1
Morbihan,13,1,3,2002,46.3,1
Moselle,13,1,3,2002,38,1
Nièvre,13,1,3,2002,52.9,1
Nord,13,1,3,2002,44.1,1
Oise,13,1,3,2002,46.1,1
Orne,13,1,3,2002,49,1
Paris,13,1,3,2002,38.7,1
Pas-de-Calais,13,1,3,2002,47.4,1
Puy-de-Dôme,13,1,3,2002,46,1
Pyrénées-Atlantiques,13,1,3,2002,45.7,1
Pyrénées-Orientales,13,1,3,2002,54.6,1
Rhône,13,1,3,2002,38.4,1
Saône-et-Loire,13,1,3,2002,43.4,1
Sarthe,13,1,3,2002,46.5,1
Savoie,13,1,3,2002,44.4,1
Seine-et-Marne,13,1,3,2002,44.9,1
Seine-Maritime,13,1,3,2002,48.4,1
Seine-Saint-Denis,13,1,3,2002,42,1
Somme,13,1,3,2002,52,1
Tarn,13,1,3,2002,47.1,1
Tarn-et-Garonne,13,1,3,2002,50.6,1
Territoire de Belfort,13,1,3,2002,40.5,1
Val-d'Oise,13,1,3,2002,41.5,1
Val-de-Marne,13,1,3,2002,41.2,1
Var,13,1,3,2002,45.7,1
Vaucluse,13,1,3,2002,45.9,1
Vendée,13,1,3,2002,43.6,1
Vienne,13,1,3,2002,49.4,1
Vosges,13,1,3,2002,48.2,1
Yonne,13,1,3,2002,50.1,1
Yvelines,13,1,3,2002,36.6,1
Ain,14,2,3,2003,40.7,1
Aisne,14,2,3,2003,52.7,1
Allier,14,2,3,2003,53.1,1
Alpes-de-Haute-Provence,14,2,3,2003,53.2,1
Alpes-Maritimes,14,2,3,2003,46.7,1
Ardèche,14,2,3,2003,50.1,1
Ardennes,14,2,3,2003,49.6,1
Ariège,14,2,3,2003,55.9,1
Aube,14,2,3,2003,52.1,1
Aude,14,2,3,2003,53.7,1
Aveyron,14,2,3,2003,45.7,1
Bas-Rhin,14,2,3,2003,37.2,1
Bouches-du-Rhône,14,2,3,2003,46.6,1
Calvados,14,2,3,2003,51.3,1
Cantal,14,2,3,2003,51,1
Charente,14,2,3,2003,52.7,1
Charente-Maritime,14,2,3,2003,56,1
Cher,14,2,3,2003,51.5,1
Corrèze,14,2,3,2003,51.2,1
Corse-du-Sud,14,2,3,2003,52.1,1
Côte-d'Or,14,2,3,2003,45.4,1
Côtes-d'Armor,14,2,3,2003,48.3,1
Creuse,14,2,3,2003,55.5,1
Deux-Sèvres,14,2,3,2003,47.2,1
Dordogne,14,2,3,2003,55.3,1
Doubs,14,2,3,2003,42.9,1
Drôme,14,2,3,2003,47.3,1
Essonne,14,2,3,2003,45.1,1
Eure,14,2,3,2003,49.2,1
Eure-et-Loir,14,2,3,2003,45.5,1
Finistère,14,2,3,2003,46.8,1
Gard,14,2,3,2003,47.3,1
Gers,14,2,3,2003,55.6,1
Gironde,14,2,3,2003,50.5,1
Haut-Rhin,14,2,3,2003,38.5,1
Haute-Corse,14,2,3,2003,47.8,1
Haute-Garonne,14,2,3,2003,47,1
Haute-Loire,14,2,3,2003,45.5,1
Haute-Marne,14,2,3,2003,50.9,1
Haute-Saône,14,2,3,2003,47.3,1
Haute-Savoie,14,2,3,2003,41.5,1
Haute-Vienne,14,2,3,2003,49.5,1
Hautes-Alpes,14,2,3,2003,51.4,1
Hautes-Pyrénées,14,2,3,2003,54.2,1
Hauts-de-Seine,14,2,3,2003,34.9,1
Hérault,14,2,3,2003,50.2,1
Ille-et-Vilaine,14,2,3,2003,44.3,1
Indre,14,2,3,2003,54.8,1
Indre-et-Loire,14,2,3,2003,47.2,1
Isère,14,2,3,2003,41.4,1
Jura,14,2,3,2003,46.3,1
Landes,14,2,3,2003,49.3,1
Loir-et-Cher,14,2,3,2003,48.8,1
Loire,14,2,3,2003,39.4,1
Loire-Atlantique,14,2,3,2003,45.7,1
Loiret,14,2,3,2003,45.2,1
Lot,14,2,3,2003,56,1
Lot-et-Garonne,14,2,3,2003,52,1
Lozère,14,2,3,2003,50.1,1
Maine-et-Loire,14,2,3,2003,44.3,1
Manche,14,2,3,2003,49.5,1
Marne,14,2,3,2003,46.1,1
Mayenne,14,2,3,2003,45.3,1
Meurthe-et-Moselle,14,2,3,2003,45.5,1
Meuse,14,2,3,2003,49.7,1
Morbihan,14,2,3,2003,48,1
Moselle,14,2,3,2003,39.1,1
Nièvre,14,2,3,2003,53.7,1
Nord,14,2,3,2003,45.4,1
Oise,14,2,3,2003,47.1,1
Orne,14,2,3,2003,49.2,1
Paris,14,2,3,2003,38.3,1
Pas-de-Calais,14,2,3,2003,48.5,1
Puy-de-Dôme,14,2,3,2003,48,1
Pyrénées-Atlantiques,14,2,3,2003,47.5,1
Pyrénées-Orientales,14,2,3,2003,53.7,1
Rhône,14,2,3,2003,37.6,1
Saône-et-Loire,14,2,3,2003,45.6,1
Sarthe,14,2,3,2003,47.6,1
Savoie,14,2,3,2003,46.3,1
Seine-et-Marne,14,2,3,2003,46,1
Seine-Maritime,14,2,3,2003,50.3,1
Seine-Saint-Denis,14,2,3,2003,41.8,1
Somme,14,2,3,2003,51.8,1
Tarn,14,2,3,2003,47.7,1
Tarn-et-Garonne,14,2,3,2003,52.6,1
Territoire de Belfort,14,2,3,2003,41.3,1
Val-d'Oise,14,2,3,2003,42.3,1
Val-de-Marne,14,2,3,2003,41.5,1
Var,14,2,3,2003,46.8,1
Vaucluse,14,2,3,2003,47.4,1
Vendée,14,2,3,2003,45.1,1
Vienne,14,2,3,2003,51.2,1
Vosges,14,2,3,2003,51.7,1
Yonne,14,2,3,2003,51.6,1
Yvelines,14,2,3,2003,36.9,1
Ain,15,3,3,2004,40.7,1
Aisne,15,3,3,2004,55.1,1
Allier,15,3,3,2004,53.3,1
Alpes-de-Haute-Provence,15,3,3,2004,53.8,1
Alpes-Maritimes,15,3,3,2004,47.9,1
Ardèche,15,3,3,2004,51.3,1
Ardennes,15,3,3,2004,52.1,1
Ariège,15,3,3,2004,61.7,1
Aube,15,3,3,2004,52.3,1
Aude,15,3,3,2004,54.5,1
Aveyron,15,3,3,2004,48.4,1
Bas-Rhin,15,3,3,2004,37.7,1
Bouches-du-Rhône,15,3,3,2004,47.8,1
Calvados,15,3,3,2004,52.5,1
Cantal,15,3,3,2004,55.9,1
Charente,15,3,3,2004,55,1
Charente-Maritime,15,3,3,2004,57.7,1
Cher,15,3,3,2004,52,1
Corrèze,15,3,3,2004,52.2,1
Corse-du-Sud,15,3,3,2004,52,1
Côte-d'Or,15,3,3,2004,46.6,1
Côtes-d'Armor,15,3,3,2004,50.7,1
Creuse,15,3,3,2004,58.3,1
Deux-Sèvres,15,3,3,2004,50.4,1
Dordogne,15,3,3,2004,56.2,1
Doubs,15,3,3,2004,44,1
Drôme,15,3,3,2004,48.2,1
Essonne,15,3,3,2004,45.8,1
Eure,15,3,3,2004,50.3,1
Eure-et-Loir,15,3,3,2004,47.3,1
Finistère,15,3,3,2004,48.2,1
Gard,15,3,3,2004,47.8,1
Gers,15,3,3,2004,55.1,1
Gironde,15,3,3,2004,51,1
Haut-Rhin,15,3,3,2004,39,1
Haute-Corse,15,3,3,2004,51.7,1
Haute-Garonne,15,3,3,2004,48.4,1
Haute-Loire,15,3,3,2004,47.4,1
Haute-Marne,15,3,3,2004,53.3,1
Haute-Saône,15,3,3,2004,51.3,1
Haute-Savoie,15,3,3,2004,42.9,1
Haute-Vienne,15,3,3,2004,50.8,1
Hautes-Alpes,15,3,3,2004,53.9,1
Hautes-Pyrénées,15,3,3,2004,57.5,1
Hauts-de-Seine,15,3,3,2004,36.5,1
Hérault,15,3,3,2004,50.1,1
Ille-et-Vilaine,15,3,3,2004,45.8,1
Indre,15,3,3,2004,57.3,1
Indre-et-Loire,15,3,3,2004,47.7,1
Isère,15,3,3,2004,42.8,1
Jura,15,3,3,2004,47.7,1
Landes,15,3,3,2004,50.7,1
Loir-et-Cher,15,3,3,2004,50.2,1
Loire,15,3,3,2004,40,1
Loire-Atlantique,15,3,3,2004,47.2,1
Loiret,15,3,3,2004,45.3,1
Lot,15,3,3,2004,55.4,1
Lot-et-Garonne,15,3,3,2004,53.9,1
Lozère,15,3,3,2004,49,1
Maine-et-Loire,15,3,3,2004,46.3,1
Manche,15,3,3,2004,51.1,1
Marne,15,3,3,2004,48.1,1
Mayenne,15,3,3,2004,46.5,1
Meurthe-et-Moselle,15,3,3,2004,46.9,1
Meuse,15,3,3,2004,52.8,1
Morbihan,15,3,3,2004,49.8,1
Moselle,15,3,3,2004,40.3,1
Nièvre,15,3,3,2004,56.1,1
Nord,15,3,3,2004,46.9,1
Oise,15,3,3,2004,47.7,1
Orne,15,3,3,2004,51.7,1
Paris,15,3,3,2004,39.2,1
Pas-de-Calais,15,3,3,2004,50.7,1
Puy-de-Dôme,15,3,3,2004,48.9,1
Pyrénées-Atlantiques,15,3,3,2004,48.9,1
Pyrénées-Orientales,15,3,3,2004,56.9,1
Rhône,15,3,3,2004,38.5,1
Saône-et-Loire,15,3,3,2004,46.7,1
Sarthe,15,3,3,2004,49.4,1
Savoie,15,3,3,2004,48.3,1
Seine-et-Marne,15,3,3,2004,46.6,1
Seine-Maritime,15,3,3,2004,51.5,1
Seine-Saint-Denis,15,3,3,2004,41.6,1
Somme,15,3,3,2004,54.7,1
Tarn,15,3,3,2004,50.4,1
Tarn-et-Garonne,15,3,3,2004,52.7,1
Territoire de Belfort,15,3,3,2004,41.1,1
Val-d'Oise,15,3,3,2004,43.4,1
Val-de-Marne,15,3,3,2004,42.7,1
Var,15,3,3,2004,47.7,1
Vaucluse,15,3,3,2004,46.8,1
Vendée,15,3,3,2004,47,1
Vienne,15,3,3,2004,53.2,1
Vosges,15,3,3,2004,50,1
Yonne,15,3,3,2004,52.4,1
Yvelines,15,3,3,2004,38.3,1
Ain,16,4,3,2005,42.7,1
Aisne,16,4,3,2005,57.4,1
Allier,16,4,3,2005,55.1,1
Alpes-de-Haute-Provence,16,4,3,2005,54.4,1
Alpes-Maritimes,16,4,3,2005,48,1
Ardèche,16,4,3,2005,53.3,1
Ardennes,16,4,3,2005,53.2,1
Ariège,16,4,3,2005,60,1
Aube,16,4,3,2005,52.4,1
Aude,16,4,3,2005,55.8,1
Aveyron,16,4,3,2005,48.1,1
Bas-Rhin,16,4,3,2005,39.8,1
Bouches-du-Rhône,16,4,3,2005,48.9,1
Calvados,16,4,3,2005,53,1
Cantal,16,4,3,2005,55.8,1
Charente,16,4,3,2005,55.9,1
Charente-Maritime,16,4,3,2005,57.9,1
Cher,16,4,3,2005,54.8,1
Corrèze,16,4,3,2005,53.3,1
Corse-du-Sud,16,4,3,2005,52.1,1
Côte-d'Or,16,4,3,2005,47.5,1
Côtes-d'Armor,16,4,3,2005,52.5,1
Creuse,16,4,3,2005,56.7,1
Deux-Sèvres,16,4,3,2005,51,1
Dordogne,16,4,3,2005,57.7,1
Doubs,16,4,3,2005,45.3,1
Drôme,16,4,3,2005,48.3,1
Essonne,16,4,3,2005,46.1,1
Eure,16,4,3,2005,52.5,1
Eure-et-Loir,16,4,3,2005,47.8,1
Finistère,16,4,3,2005,49.2,1
Gard,16,4,3,2005,49.4,1
Gers,16,4,3,2005,58.3,1
Gironde,16,4,3,2005,52.3,1
Haut-Rhin,16,4,3,2005,40.1,1
Haute-Corse,16,4,3,2005,52,1
Haute-Garonne,16,4,3,2005,48.8,1
Haute-Loire,16,4,3,2005,50,1
Haute-Marne,16,4,3,2005,54.9,1
Haute-Saône,16,4,3,2005,50.8,1
Haute-Savoie,16,4,3,2005,43.5,1
Haute-Vienne,16,4,3,2005,52.5,1
Hautes-Alpes,16,4,3,2005,55.6,1
Hautes-Pyrénées,16,4,3,2005,58.4,1
Hauts-de-Seine,16,4,3,2005,37.1,1
Hérault,16,4,3,2005,51,1
Ille-et-Vilaine,16,4,3,2005,48.3,1
Indre,16,4,3,2005,57.8,1
Indre-et-Loire,16,4,3,2005,49.8,1
Isère,16,4,3,2005,42.7,1
Jura,16,4,3,2005,49,1
Landes,16,4,3,2005,53.5,1
Loir-et-Cher,16,4,3,2005,49.9,1
Loire,16,4,3,2005,41,1
Loire-Atlantique,16,4,3,2005,48.8,1
Loiret,16,4,3,2005,46.9,1
Lot,16,4,3,2005,58.8,1
Lot-et-Garonne,16,4,3,2005,54.1,1
Lozère,16,4,3,2005,56.4,1
Maine-et-Loire,16,4,3,2005,47.4,1
Manche,16,4,3,2005,52.3,1
Marne,16,4,3,2005,49.5,1
Mayenne,16,4,3,2005,47.7,1
Meurthe-et-Moselle,16,4,3,2005,47.9,1
Meuse,16,4,3,2005,53.2,1
Morbihan,16,4,3,2005,51.1,1
Moselle,16,4,3,2005,42.2,1
Nièvre,16,4,3,2005,58.1,1
Nord,16,4,3,2005,47.7,1
Oise,16,4,3,2005,49.2,1
Orne,16,4,3,2005,53.5,1
Paris,16,4,3,2005,39.8,1
Pas-de-Calais,16,4,3,2005,52.3,1
Puy-de-Dôme,16,4,3,2005,50,1
Pyrénées-Atlantiques,16,4,3,2005,50.9,1
Pyrénées-Orientales,16,4,3,2005,58.3,1
Rhône,16,4,3,2005,39.1,1
Saône-et-Loire,16,4,3,2005,46.7,1
Sarthe,16,4,3,2005,50.9,1
Savoie,16,4,3,2005,47.4,1
Seine-et-Marne,16,4,3,2005,47.5,1
Seine-Maritime,16,4,3,2005,52.6,1
Seine-Saint-Denis,16,4,3,2005,41.8,1
Somme,16,4,3,2005,55.9,1
Tarn,16,4,3,2005,50.2,1
Tarn-et-Garonne,16,4,3,2005,52.1,1
Territoire de Belfort,16,4,3,2005,44.4,1
Val-d'Oise,16,4,3,2005,42.9,1
Val-de-Marne,16,4,3,2005,43.6,1
Var,16,4,3,2005,48.5,1
Vaucluse,16,4,3,2005,47.8,1
Vendée,16,4,3,2005,48.8,1
Vienne,16,4,3,2005,53,1
Vosges,16,4,3,2005,52.9,1
Yonne,16,4,3,2005,53.6,1
Yvelines,16,4,3,2005,37.6,1
Ain,17,5,3,2006,43.7,1
Aisne,17,5,3,2006,57.9,1
Allier,17,5,3,2006,57,1
Alpes-de-Haute-Provence,17,5,3,2006,57.2,1
Alpes-Maritimes,17,5,3,2006,49.7,1
Ardèche,17,5,3,2006,56.4,1
Ardennes,17,5,3,2006,53.2,1
Ariège,17,5,3,2006,60.5,1
Aube,17,5,3,2006,72.8,1
Aude,17,5,3,2006,55,1
Aveyron,17,5,3,2006,53.1,1
Bas-Rhin,17,5,3,2006,41.6,1
Bouches-du-Rhône,17,5,3,2006,49.7,1
Calvados,17,5,3,2006,55,1
Cantal,17,5,3,2006,57.7,1
Charente,17,5,3,2006,56.6,1
Charente-Maritime,17,5,3,2006,61.1,1
Cher,17,5,3,2006,57.8,1
Corrèze,17,5,3,2006,56.3,1
Corse-du-Sud,17,5,3,2006,55.5,1
Côte-d'Or,17,5,3,2006,50.7,1
Côtes-d'Armor,17,5,3,2006,55.8,1
Creuse,17,5,3,2006,64.7,1
Deux-Sèvres,17,5,3,2006,52.8,1
Dordogne,17,5,3,2006,59.9,1
Doubs,17,5,3,2006,46.6,1
Drôme,17,5,3,2006,50.8,1
Essonne,17,5,3,2006,47.6,1
Eure,17,5,3,2006,54.8,1
Eure-et-Loir,17,5,3,2006,51.1,1
Finistère,17,5,3,2006,51.2,1
Gard,17,5,3,2006,51.5,1
Gers,17,5,3,2006,59.5,1
Gironde,17,5,3,2006,53.9,1
Haut-Rhin,17,5,3,2006,42.6,1
Haute-Corse,17,5,3,2006,53.6,1
Haute-Garonne,17,5,3,2006,49.9,1
Haute-Loire,17,5,3,2006,52.6,1
Haute-Marne,17,5,3,2006,59,1
Haute-Saône,17,5,3,2006,53.5,1
Haute-Savoie,17,5,3,2006,45,1
Haute-Vienne,17,5,3,2006,54.3,1
Hautes-Alpes,17,5,3,2006,53.9,1
Hautes-Pyrénées,17,5,3,2006,59.7,1
Hauts-de-Seine,17,5,3,2006,38.3,1
Hérault,17,5,3,2006,52.6,1
Ille-et-Vilaine,17,5,3,2006,49.4,1
Indre,17,5,3,2006,59.1,1
Indre-et-Loire,17,5,3,2006,51.9,1
Isère,17,5,3,2006,44.8,1
Jura,17,5,3,2006,50.9,1
Landes,17,5,3,2006,55.9,1
Loir-et-Cher,17,5,3,2006,53,1
Loire,17,5,3,2006,44.6,1
Loire-Atlantique,17,5,3,2006,50.9,1
Loiret,17,5,3,2006,49.5,1
Lot,17,5,3,2006,62.5,1
Lot-et-Garonne,17,5,3,2006,54.9,1
Lozère,17,5,3,2006,54.7,1
Maine-et-Loire,17,5,3,2006,49.5,1
Manche,17,5,3,2006,54.4,1
Marne,17,5,3,2006,52.4,1
Mayenne,17,5,3,2006,50.7,1
Meurthe-et-Moselle,17,5,3,2006,50.7,1
Meuse,17,5,3,2006,55.3,1
Morbihan,17,5,3,2006,55.6,1
Moselle,17,5,3,2006,43.6,1
Nièvre,17,5,3,2006,59.1,1
Nord,17,5,3,2006,49.6,1
Oise,17,5,3,2006,51.4,1
Orne,17,5,3,2006,55.3,1
Paris,17,5,3,2006,41.3,1
Pas-de-Calais,17,5,3,2006,59.1,1
Puy-de-Dôme,17,5,3,2006,52.1,1
Pyrénées-Atlantiques,17,5,3,2006,51.9,1
Pyrénées-Orientales,17,5,3,2006,59.1,1
Rhône,17,5,3,2006,40.6,1
Saône-et-Loire,17,5,3,2006,49.2,1
Sarthe,17,5,3,2006,54,1
Savoie,17,5,3,2006,49.2,1
Seine-et-Marne,17,5,3,2006,49,1
Seine-Maritime,17,5,3,2006,57.7,1
Seine-Saint-Denis,17,5,3,2006,44.1,1
Somme,17,5,3,2006,56.9,1
Tarn,17,5,3,2006,52.6,1
Tarn-et-Garonne,17,5,3,2006,56,1
Territoire de Belfort,17,5,3,2006,42.9,1
Val-d'Oise,17,5,3,2006,44.4,1
Val-de-Marne,17,5,3,2006,45.1,1
Var,17,5,3,2006,52,1
Vaucluse,17,5,3,2006,49.5,1
Vendée,17,5,3,2006,50.4,1
Vienne,17,5,3,2006,55.5,1
Vosges,17,5,3,2006,54,1
Yonne,17,5,3,2006,54.7,1
Yvelines,17,5,3,2006,39.5,1
Ain,18,6,3,2007,46,1
Aisne,18,6,3,2007,59.8,1
Allier,18,6,3,2007,58.4,1
Alpes-de-Haute-Provence,18,6,3,2007,57.6,1
Alpes-Maritimes,18,6,3,2007,50.6,1
Ardèche,18,6,3,2007,54.7,1
Ardennes,18,6,3,2007,57.4,1
Ariège,18,6,3,2007,62.4,1
Aube,18,6,3,2007,72.4,1
Aude,18,6,3,2007,58.4,1
Aveyron,18,6,3,2007,54.1,1
Bas-Rhin,18,6,3,2007,43.9,1
Bouches-du-Rhône,18,6,3,2007,50.3,1
Calvados,18,6,3,2007,56.9,1
Cantal,18,6,3,2007,60.6,1
Charente,18,6,3,2007,60,1
Charente-Maritime,18,6,3,2007,62.3,1
Cher,18,6,3,2007,58.1,1
Corrèze,18,6,3,2007,59.7,1
Corse-du-Sud,18,6,3,2007,54.4,1
Côte-d'Or,18,6,3,2007,50.4,1
Côtes-d'Armor,18,6,3,2007,58,1
Creuse,18,6,3,2007,62.9,1
Deux-Sèvres,18,6,3,2007,55.2,1
Dordogne,18,6,3,2007,60.7,1
Doubs,18,6,3,2007,48.6,1
Drôme,18,6,3,2007,51.6,1
Essonne,18,6,3,2007,48.4,1
Eure,18,6,3,2007,55.4,1
Eure-et-Loir,18,6,3,2007,50.6,1
Finistère,18,6,3,2007,54.6,1
Gard,18,6,3,2007,53.2,1
Gers,18,6,3,2007,60.5,1
Gironde,18,6,3,2007,54.5,1
Haut-Rhin,18,6,3,2007,43,1
Haute-Corse,18,6,3,2007,54.3,1
Haute-Garonne,18,6,3,2007,50.7,1
Haute-Loire,18,6,3,2007,54.2,1
Haute-Marne,18,6,3,2007,56.5,1
Haute-Saône,18,6,3,2007,55.1,1
Haute-Savoie,18,6,3,2007,46.9,1
Haute-Vienne,18,6,3,2007,56,1
Hautes-Alpes,18,6,3,2007,56.2,1
Hautes-Pyrénées,18,6,3,2007,58.8,1
Hauts-de-Seine,18,6,3,2007,38.9,1
Hérault,18,6,3,2007,52.7,1
Ille-et-Vilaine,18,6,3,2007,52.2,1
Indre,18,6,3,2007,60.9,1
Indre-et-Loire,18,6,3,2007,52.7,1
Isère,18,6,3,2007,47.7,1
Jura,18,6,3,2007,52.2,1
Landes,18,6,3,2007,57.1,1
Loir-et-Cher,18,6,3,2007,53.3,1
Loire,18,6,3,2007,44.7,1
Loire-Atlantique,18,6,3,2007,52.4,1
Loiret,18,6,3,2007,49.8,1
Lot,18,6,3,2007,59.2,1
Lot-et-Garonne,18,6,3,2007,55.9,1
Lozère,18,6,3,2007,55.2,1
Maine-et-Loire,18,6,3,2007,52,1
Manche,18,6,3,2007,56.5,1
Marne,18,6,3,2007,53.2,1
Mayenne,18,6,3,2007,52.4,1
Meurthe-et-Moselle,18,6,3,2007,52.1,1
Meuse,18,6,3,2007,57.1,1
Morbihan,18,6,3,2007,56.4,1
Moselle,18,6,3,2007,45.4,1
Nièvre,18,6,3,2007,60.9,1
Nord,18,6,3,2007,50.9,1
Oise,18,6,3,2007,52,1
Orne,18,6,3,2007,54.4,1
Paris,18,6,3,2007,42.5,1
Pas-de-Calais,18,6,3,2007,59.9,1
Puy-de-Dôme,18,6,3,2007,53.2,1
Pyrénées-Atlantiques,18,6,3,2007,55.5,1
Pyrénées-Orientales,18,6,3,2007,59.6,1
Rhône,18,6,3,2007,43.2,1
Saône-et-Loire,18,6,3,2007,51.3,1
Sarthe,18,6,3,2007,54.5,1
Savoie,18,6,3,2007,50,1
Seine-et-Marne,18,6,3,2007,51,1
Seine-Maritime,18,6,3,2007,57.6,1
Seine-Saint-Denis,18,6,3,2007,43.4,1
Somme,18,6,3,2007,59.3,1
Tarn,18,6,3,2007,56.9,1
Tarn-et-Garonne,18,6,3,2007,55.6,1
Territoire de Belfort,18,6,3,2007,45.9,1
Val-d'Oise,18,6,3,2007,45.2,1
Val-de-Marne,18,6,3,2007,45.1,1
Var,18,6,3,2007,52.3,1
Vaucluse,18,6,3,2007,50.1,1
Vendée,18,6,3,2007,53.3,1
Vienne,18,6,3,2007,57.2,1
Vosges,18,6,3,2007,57.3,1
Yonne,18,6,3,2007,58,1
Yvelines,18,6,3,2007,40.6,1
Ain,19,1,4,2008,46.1,1
Aisne,19,1,4,2008,61.7,1
Allier,19,1,4,2008,60.7,1
Alpes-de-Haute-Provence,19,1,4,2008,57.3,1
Alpes-Maritimes,19,1,4,2008,50.7,1
Ardèche,19,1,4,2008,57.8,1
Ardennes,19,1,4,2008,58.2,1
Ariège,19,1,4,2008,62.7,1
Aube,19,1,4,2008,57.5,1
Aude,19,1,4,2008,59.6,1
Aveyron,19,1,4,2008,55.6,1
Bas-Rhin,19,1,4,2008,43.5,1
Bouches-du-Rhône,19,1,4,2008,51.9,1
Calvados,19,1,4,2008,59,1
Cantal,19,1,4,2008,61.8,1
Charente,19,1,4,2008,59.7,1
Charente-Maritime,19,1,4,2008,63,1
Cher,19,1,4,2008,58.5,1
Corrèze,19,1,4,2008,59.2,1
Corse-du-Sud,19,1,4,2008,55.1,1
Côte-d'Or,19,1,4,2008,52.9,1
Côtes-d'Armor,19,1,4,2008,58.8,1
Creuse,19,1,4,2008,67,1
Deux-Sèvres,19,1,4,2008,58.3,1
Dordogne,19,1,4,2008,63.9,1
Doubs,19,1,4,2008,48.9,1
Drôme,19,1,4,2008,53.5,1
Essonne,19,1,4,2008,48.8,1
Eure,19,1,4,2008,56.9,1
Eure-et-Loir,19,1,4,2008,52.8,1
Finistère,19,1,4,2008,56.9,1
Gard,19,1,4,2008,52.7,1
Gers,19,1,4,2008,61.8,1
Gironde,19,1,4,2008,56.7,1
Haut-Rhin,19,1,4,2008,43.2,1
Haute-Corse,19,1,4,2008,51.9,1
Haute-Garonne,19,1,4,2008,52.5,1
Haute-Loire,19,1,4,2008,54.8,1
Haute-Marne,19,1,4,2008,59.9,1
Haute-Saône,19,1,4,2008,55.3,1
Haute-Savoie,19,1,4,2008,48.2,1
Haute-Vienne,19,1,4,2008,58.2,1
Hautes-Alpes,19,1,4,2008,58.8,1
Hautes-Pyrénées,19,1,4,2008,58.3,1
Hauts-de-Seine,19,1,4,2008,38.4,1
Hérault,19,1,4,2008,54.4,1
Ille-et-Vilaine,19,1,4,2008,53.8,1
Indre,19,1,4,2008,62.9,1
Indre-et-Loire,19,1,4,2008,54.7,1
Isère,19,1,4,2008,48.2,1
Jura,19,1,4,2008,52.9,1
Landes,19,1,4,2008,59.9,1
Loir-et-Cher,19,1,4,2008,55.7,1
Loire,19,1,4,2008,46.4,1
Loire-Atlantique,19,1,4,2008,53.9,1
Loiret,19,1,4,2008,53.1,1
Lot,19,1,4,2008,63.7,1
Lot-et-Garonne,19,1,4,2008,58.2,1
Lozère,19,1,4,2008,59.7,1
Maine-et-Loire,19,1,4,2008,53.4,1
Manche,19,1,4,2008,60.3,1
Marne,19,1,4,2008,55.6,1
Mayenne,19,1,4,2008,55.5,1
Meurthe-et-Moselle,19,1,4,2008,52.8,1
Meuse,19,1,4,2008,58.2,1
Morbihan,19,1,4,2008,57.3,1
Moselle,19,1,4,2008,46.9,1
Nièvre,19,1,4,2008,61.4,1
Nord,19,1,4,2008,52.3,1
Oise,19,1,4,2008,53,1
Orne,19,1,4,2008,58.4,1
Paris,19,1,4,2008,42.7,1
Pas-de-Calais,19,1,4,2008,57.7,1
Puy-de-Dôme,19,1,4,2008,55.2,1
Pyrénées-Atlantiques,19,1,4,2008,56.4,1
Pyrénées-Orientales,19,1,4,2008,61.7,1
Rhône,19,1,4,2008,43.6,1
Saône-et-Loire,19,1,4,2008,51.5,1
Sarthe,19,1,4,2008,56.5,1
Savoie,19,1,4,2008,51.7,1
Seine-et-Marne,19,1,4,2008,52,1
Seine-Maritime,19,1,4,2008,58.1,1
Seine-Saint-Denis,19,1,4,2008,43.1,1
Somme,19,1,4,2008,59.8,1
Tarn,19,1,4,2008,57,1
Tarn-et-Garonne,19,1,4,2008,56.8,1
Territoire de Belfort,19,1,4,2008,47.1,1
Val-d'Oise,19,1,4,2008,45.4,1
Val-de-Marne,19,1,4,2008,45.5,1
Var,19,1,4,2008,52.5,1
Vaucluse,19,1,4,2008,51.3,1
Vendée,19,1,4,2008,55.1,1
Vienne,19,1,4,2008,59.1,1
Vosges,19,1,4,2008,58.4,1
Yonne,19,1,4,2008,58.1,1
Yvelines,19,1,4,2008,41.3,1
Ain,20,2,4,2009,46.1,1
Aisne,20,2,4,2009,62.6,1
Allier,20,2,4,2009,60.4,1
Alpes-de-Haute-Provence,20,2,4,2009,59.6,1
Alpes-Maritimes,20,2,4,2009,50.9,1
Ardèche,20,2,4,2009,60.8,1
Ardennes,20,2,4,2009,60.3,1
Ariège,20,2,4,2009,66.7,1
Aube,20,2,4,2009,59.7,1
Aude,20,2,4,2009,62.2,1
Aveyron,20,2,4,2009,56.9,1
Bas-Rhin,20,2,4,2009,44.6,1
Bouches-du-Rhône,20,2,4,2009,53,1
Calvados,20,2,4,2009,59.9,1
Cantal,20,2,4,2009,64.1,1
Charente,20,2,4,2009,63.7,1
Charente-Maritime,20,2,4,2009,65.6,1
Cher,20,2,4,2009,59.1,1
Corrèze,20,2,4,2009,60,1
Corse-du-Sud,20,2,4,2009,56.6,1
Côte-d'Or,20,2,4,2009,54.3,1
Côtes-d'Armor,20,2,4,2009,60.2,1
Creuse,20,2,4,2009,64.2,1
Deux-Sèvres,20,2,4,2009,60.4,1
Dordogne,20,2,4,2009,64.4,1
Doubs,20,2,4,2009,51.1,1
Drôme,20,2,4,2009,54.2,1
Essonne,20,2,4,2009,49.9,1
Eure,20,2,4,2009,58.6,1
Eure-et-Loir,20,2,4,2009,52.8,1
Finistère,20,2,4,2009,57.9,1
Gard,20,2,4,2009,54.4,1
Gers,20,2,4,2009,63.6,1
Gironde,20,2,4,2009,58.4,1
Haut-Rhin,20,2,4,2009,45.1,1
Haute-Corse,20,2,4,2009,53.3,1
Haute-Garonne,20,2,4,2009,54.2,1
Haute-Loire,20,2,4,2009,58.4,1
Haute-Marne,20,2,4,2009,62.1,1
Haute-Saône,20,2,4,2009,57.5,1
Haute-Savoie,20,2,4,2009,49.2,1
Haute-Vienne,20,2,4,2009,59.8,1
Hautes-Alpes,20,2,4,2009,61.4,1
Hautes-Pyrénées,20,2,4,2009,63.9,1
Hauts-de-Seine,20,2,4,2009,39.7,1
Hérault,20,2,4,2009,56.4,1
Ille-et-Vilaine,20,2,4,2009,56.7,1
Indre,20,2,4,2009,64.9,1
Indre-et-Loire,20,2,4,2009,55,1
Isère,20,2,4,2009,48.5,1
Jura,20,2,4,2009,55,1
Landes,20,2,4,2009,62.1,1
Loir-et-Cher,20,2,4,2009,55.7,1
Loire,20,2,4,2009,47.6,1
Loire-Atlantique,20,2,4,2009,56.1,1
Loiret,20,2,4,2009,53,1
Lot,20,2,4,2009,65.6,1
Lot-et-Garonne,20,2,4,2009,59.2,1
Lozère,20,2,4,2009,61.7,1
Maine-et-Loire,20,2,4,2009,55.1,1
Manche,20,2,4,2009,61.2,1
Marne,20,2,4,2009,56.3,1
Mayenne,20,2,4,2009,54.1,1
Meurthe-et-Moselle,20,2,4,2009,55.5,1
Meuse,20,2,4,2009,58.1,1
Morbihan,20,2,4,2009,61.1,1
Moselle,20,2,4,2009,48.2,1
Nièvre,20,2,4,2009,61.3,1
Nord,20,2,4,2009,53.5,1
Oise,20,2,4,2009,54.6,1
Orne,20,2,4,2009,59.9,1
Paris,20,2,4,2009,44,1
Pas-de-Calais,20,2,4,2009,60,1
Puy-de-Dôme,20,2,4,2009,57.8,1
Pyrénées-Atlantiques,20,2,4,2009,58.6,1
Pyrénées-Orientales,20,2,4,2009,61.6,1
Rhône,20,2,4,2009,43.1,1
Saône-et-Loire,20,2,4,2009,53,1
Sarthe,20,2,4,2009,58.4,1
Savoie,20,2,4,2009,54.2,1
Seine-et-Marne,20,2,4,2009,52.8,1
Seine-Maritime,20,2,4,2009,58.9,1
Seine-Saint-Denis,20,2,4,2009,43.7,1
Somme,20,2,4,2009,60.9,1
Tarn,20,2,4,2009,59.3,1
Tarn-et-Garonne,20,2,4,2009,56.9,1
Territoire de Belfort,20,2,4,2009,45.9,1
Val-d'Oise,20,2,4,2009,45.7,1
Val-de-Marne,20,2,4,2009,46.8,1
Var,20,2,4,2009,54.1,1
Vaucluse,20,2,4,2009,51.5,1
Vendée,20,2,4,2009,56.2,1
Vienne,20,2,4,2009,61,1
Vosges,20,2,4,2009,59.1,1
Yonne,20,2,4,2009,59.5,1
Yvelines,20,2,4,2009,42,1
Ain,21,3,4,2010,48.6,1
Aisne,21,3,4,2010,63.9,1
Allier,21,3,4,2010,63.5,1
Alpes-de-Haute-Provence,21,3,4,2010,60.9,1
Alpes-Maritimes,21,3,4,2010,51.5,1
Ardèche,21,3,4,2010,60.5,1
Ardennes,21,3,4,2010,60.9,1
Ariège,21,3,4,2010,66.3,1
Aube,21,3,4,2010,62.5,1
Aude,21,3,4,2010,63.1,1
Aveyron,21,3,4,2010,57.7,1
Bas-Rhin,21,3,4,2010,46.3,1
Bouches-du-Rhône,21,3,4,2010,54.2,1
Calvados,21,3,4,2010,62.4,1
Cantal,21,3,4,2010,67.1,1
Charente,21,3,4,2010,64.1,1
Charente-Maritime,21,3,4,2010,65.3,1
Cher,21,3,4,2010,62.3,1
Corrèze,21,3,4,2010,61.3,1
Corse-du-Sud,21,3,4,2010,58.5,1
Côte-d'Or,21,3,4,2010,55,1
Côtes-d'Armor,21,3,4,2010,62.5,1
Creuse,21,3,4,2010,65.3,1
Deux-Sèvres,21,3,4,2010,61.8,1
Dordogne,21,3,4,2010,65.2,1
Doubs,21,3,4,2010,51.3,1
Drôme,21,3,4,2010,55,1
Essonne,21,3,4,2010,51.2,1
Eure,21,3,4,2010,60.2,1
Eure-et-Loir,21,3,4,2010,53.8,1
Finistère,21,3,4,2010,60.3,1
Gard,21,3,4,2010,55.1,1
Gers,21,3,4,2010,63.3,1
Gironde,21,3,4,2010,59.5,1
Haut-Rhin,21,3,4,2010,46.5,1
Haute-Corse,21,3,4,2010,57.7,1
Haute-Garonne,21,3,4,2010,55.7,1
Haute-Loire,21,3,4,2010,59.4,1
Haute-Marne,21,3,4,2010,61.3,1
Haute-Saône,21,3,4,2010,58.5,1
Haute-Savoie,21,3,4,2010,50.9,1
Haute-Vienne,21,3,4,2010,62.3,1
Hautes-Alpes,21,3,4,2010,61.9,1
Hautes-Pyrénées,21,3,4,2010,62.1,1
Hauts-de-Seine,21,3,4,2010,40,1
Hérault,21,3,4,2010,55.9,1
Ille-et-Vilaine,21,3,4,2010,58.1,1
Indre,21,3,4,2010,63.1,1
Indre-et-Loire,21,3,4,2010,57.4,1
Isère,21,3,4,2010,50.1,1
Jura,21,3,4,2010,58.5,1
Landes,21,3,4,2010,63.3,1
Loir-et-Cher,21,3,4,2010,57.3,1
Loire,21,3,4,2010,49.8,1
Loire-Atlantique,21,3,4,2010,57.5,1
Loiret,21,3,4,2010,53.7,1
Lot,21,3,4,2010,67.5,1
Lot-et-Garonne,21,3,4,2010,61.7,1
Lozère,21,3,4,2010,63.4,1
Maine-et-Loire,21,3,4,2010,56.4,1
Manche,21,3,4,2010,63.4,1
Marne,21,3,4,2010,58.3,1
Mayenne,21,3,4,2010,57.3,1
Meurthe-et-Moselle,21,3,4,2010,56,1
Meuse,21,3,4,2010,61.7,1
Morbihan,21,3,4,2010,62.6,1
Moselle,21,3,4,2010,50.3,1
Nièvre,21,3,4,2010,64.9,1
Nord,21,3,4,2010,54.7,1
Oise,21,3,4,2010,56,1
Orne,21,3,4,2010,60.1,1
Paris,21,3,4,2010,45.2,1
Pas-de-Calais,21,3,4,2010,62.1,1
Puy-de-Dôme,21,3,4,2010,57.5,1
Pyrénées-Atlantiques,21,3,4,2010,58.5,1
Pyrénées-Orientales,21,3,4,2010,64.1,1
Rhône,21,3,4,2010,44.3,1
Saône-et-Loire,21,3,4,2010,55.8,1
Sarthe,21,3,4,2010,61.3,1
Savoie,21,3,4,2010,54.1,1
Seine-et-Marne,21,3,4,2010,55.3,1
Seine-Maritime,21,3,4,2010,60.3,1
Seine-Saint-Denis,21,3,4,2010,43.8,1
Somme,21,3,4,2010,63.4,1
Tarn,21,3,4,2010,61.8,1
Tarn-et-Garonne,21,3,4,2010,57.8,1
Territoire de Belfort,21,3,4,2010,50.8,1
Val-d'Oise,21,3,4,2010,45.7,1
Val-de-Marne,21,3,4,2010,47,1
Var,21,3,4,2010,55.1,1
Vaucluse,21,3,4,2010,52.2,1
Vendée,21,3,4,2010,59.2,1
Vienne,21,3,4,2010,64.3,1
Vosges,21,3,4,2010,60.5,1
Yonne,21,3,4,2010,59.9,1
Yvelines,21,3,4,2010,43.7,1
Ain,22,4,4,2011,50.6,1
Aisne,22,4,4,2011,64.8,1
Allier,22,4,4,2011,64.2,1
Alpes-de-Haute-Provence,22,4,4,2011,65.8,1
Alpes-Maritimes,22,4,4,2011,51.9,1
Ardèche,22,4,4,2011,63,1
Ardennes,22,4,4,2011,61.7,1
Ariège,22,4,4,2011,66.5,1
Aube,22,4,4,2011,62.8,1
Aude,22,4,4,2011,63.3,1
Aveyron,22,4,4,2011,61.3,1
Bas-Rhin,22,4,4,2011,48,1
Bouches-du-Rhône,22,4,4,2011,54.7,1
Calvados,22,4,4,2011,62.6,1
Cantal,22,4,4,2011,68.6,1
Charente,22,4,4,2011,65.6,1
Charente-Maritime,22,4,4,2011,68.3,1
Cher,22,4,4,2011,61.1,1
Corrèze,22,4,4,2011,64.8,1
Corse-du-Sud,22,4,4,2011,57,1
Côte-d'Or,22,4,4,2011,55.9,1
Côtes-d'Armor,22,4,4,2011,64.9,1
Creuse,22,4,4,2011,69.4,1
Deux-Sèvres,22,4,4,2011,62.2,1
Dordogne,22,4,4,2011,67.1,1
Doubs,22,4,4,2011,53.6,1
Drôme,22,4,4,2011,56.1,1
Essonne,22,4,4,2011,51.9,1
Eure,22,4,4,2011,60.6,1
Eure-et-Loir,22,4,4,2011,56.3,1
Finistère,22,4,4,2011,62,1
Gard,22,4,4,2011,54.4,1
Gers,22,4,4,2011,64.6,1
Gironde,22,4,4,2011,60.4,1
Haut-Rhin,22,4,4,2011,48,1
Haute-Corse,22,4,4,2011,56,1
Haute-Garonne,22,4,4,2011,55.4,1
Haute-Loire,22,4,4,2011,62.1,1
Haute-Marne,22,4,4,2011,65.6,1
Haute-Saône,22,4,4,2011,58.9,1
Haute-Savoie,22,4,4,2011,51,1
Haute-Vienne,22,4,4,2011,63.3,1
Hautes-Alpes,22,4,4,2011,63.1,1
Hautes-Pyrénées,22,4,4,2011,65.7,1
Hauts-de-Seine,22,4,4,2011,40,1
Hérault,22,4,4,2011,56.8,1
Ille-et-Vilaine,22,4,4,2011,60,1
Indre,22,4,4,2011,67,1
Indre-et-Loire,22,4,4,2011,59.3,1
Isère,22,4,4,2011,50.8,1
Jura,22,4,4,2011,57.9,1
Landes,22,4,4,2011,64.6,1
Loir-et-Cher,22,4,4,2011,59.8,1
Loire,22,4,4,2011,51,1
Loire-Atlantique,22,4,4,2011,59.2,1
Loiret,22,4,4,2011,54,1
Lot,22,4,4,2011,66.3,1
Lot-et-Garonne,22,4,4,2011,62.9,1
Lozère,22,4,4,2011,63.5,1
Maine-et-Loire,22,4,4,2011,58,1
Manche,22,4,4,2011,64.2,1
Marne,22,4,4,2011,58.5,1
Mayenne,22,4,4,2011,57.9,1
Meurthe-et-Moselle,22,4,4,2011,56.6,1
Meuse,22,4,4,2011,62.6,1
Morbihan,22,4,4,2011,63.8,1
Moselle,22,4,4,2011,51.3,1
Nièvre,22,4,4,2011,66.3,1
Nord,22,4,4,2011,55.6,1
Oise,22,4,4,2011,58.1,1
Orne,22,4,4,2011,62.8,1
Paris,22,4,4,2011,45.1,1
Pas-de-Calais,22,4,4,2011,63.1,1
Puy-de-Dôme,22,4,4,2011,60.2,1
Pyrénées-Atlantiques,22,4,4,2011,59.8,1
Pyrénées-Orientales,22,4,4,2011,64.3,1
Rhône,22,4,4,2011,44.8,1
Saône-et-Loire,22,4,4,2011,56.9,1
Sarthe,22,4,4,2011,62,1
Savoie,22,4,4,2011,57.7,1
Seine-et-Marne,22,4,4,2011,56.4,1
Seine-Maritime,22,4,4,2011,61,1
Seine-Saint-Denis,22,4,4,2011,44.1,1
Somme,22,4,4,2011,63,1
Tarn,22,4,4,2011,62.3,1
Tarn-et-Garonne,22,4,4,2011,59.9,1
Territoire de Belfort,22,4,4,2011,49.9,1
Val-d'Oise,22,4,4,2011,46.4,1
Val-de-Marne,22,4,4,2011,46.5,1
Var,22,4,4,2011,55.9,1
Vaucluse,22,4,4,2011,51.5,1
Vendée,22,4,4,2011,61.3,1
Vienne,22,4,4,2011,64.2,1
Vosges,22,4,4,2011,62.1,1
Yonne,22,4,4,2011,62.9,1
Yvelines,22,4,4,2011,44,1
Ain,23,5,4,2012,50.6,1
Aisne,23,5,4,2012,66.5,1
Allier,23,5,4,2012,64.9,1
Alpes-de-Haute-Provence,23,5,4,2012,65.3,1
Alpes-Maritimes,23,5,4,2012,51,1
Ardèche,23,5,4,2012,64.2,1
Ardennes,23,5,4,2012,62.2,1
Ariège,23,5,4,2012,68.8,1
Aube,23,5,4,2012,64.6,1
Aude,23,5,4,2012,64.5,1
Aveyron,23,5,4,2012,63.7,1
Bas-Rhin,23,5,4,2012,48.4,1
Bouches-du-Rhône,23,5,4,2012,55.3,1
Calvados,23,5,4,2012,64.7,1
Cantal,23,5,4,2012,67.2,1
Charente,23,5,4,2012,65.3,1
Charente-Maritime,23,5,4,2012,69.2,1
Cher,23,5,4,2012,65.9,1
Corrèze,23,5,4,2012,64.4,1
Corse-du-Sud,23,5,4,2012,58,1
Côte-d'Or,23,5,4,2012,57.1,1
Côtes-d'Armor,23,5,4,2012,65.9,1
Creuse,23,5,4,2012,68.6,1
Deux-Sèvres,23,5,4,2012,65.5,1
Dordogne,23,5,4,2012,67.8,1
Doubs,23,5,4,2012,54,1
Drôme,23,5,4,2012,57.4,1
Essonne,23,5,4,2012,52.4,1
Eure,23,5,4,2012,62.9,1
Eure-et-Loir,23,5,4,2012,56.6,1
Finistère,23,5,4,2012,64.1,1
Gard,23,5,4,2012,56.7,1
Gers,23,5,4,2012,67.2,1
Gironde,23,5,4,2012,60.9,1
Haut-Rhin,23,5,4,2012,49.4,1
Haute-Corse,23,5,4,2012,57.1,1
Haute-Garonne,23,5,4,2012,57,1
Haute-Loire,23,5,4,2012,63.9,1
Haute-Marne,23,5,4,2012,66.9,1
Haute-Saône,23,5,4,2012,61.6,1
Haute-Savoie,23,5,4,2012,52,1
Haute-Vienne,23,5,4,2012,64.6,1
Hautes-Alpes,23,5,4,2012,65.2,1
Hautes-Pyrénées,23,5,4,2012,66.3,1
Hauts-de-Seine,23,5,4,2012,40.2,1
Hérault,23,5,4,2012,57.9,1
Ille-et-Vilaine,23,5,4,2012,62.2,1
Indre,23,5,4,2012,67.3,1
Indre-et-Loire,23,5,4,2012,60.4,1
Isère,23,5,4,2012,51.8,1
Jura,23,5,4,2012,61,1
Landes,23,5,4,2012,66.7,1
Loir-et-Cher,23,5,4,2012,60,1
Loire,23,5,4,2012,52.7,1
Loire-Atlantique,23,5,4,2012,60.2,1
Loiret,23,5,4,2012,55.7,1
Lot,23,5,4,2012,69.8,1
Lot-et-Garonne,23,5,4,2012,60.9,1
Lozère,23,5,4,2012,63.9,1
Maine-et-Loire,23,5,4,2012,61.1,1
Manche,23,5,4,2012,65.2,1
Marne,23,5,4,2012,61.7,1
Mayenne,23,5,4,2012,61.7,1
Meurthe-et-Moselle,23,5,4,2012,57.4,1
Meuse,23,5,4,2012,65.4,1
Morbihan,23,5,4,2012,64.5,1
Moselle,23,5,4,2012,52.4,1
Nièvre,23,5,4,2012,67.3,1
Nord,23,5,4,2012,56.3,1
Oise,23,5,4,2012,58.1,1
Orne,23,5,4,2012,64.2,1
Paris,23,5,4,2012,45,1
Pas-de-Calais,23,5,4,2012,64.9,1
Puy-de-Dôme,23,5,4,2012,60.5,1
Pyrénées-Atlantiques,23,5,4,2012,61.5,1
Pyrénées-Orientales,23,5,4,2012,66.4,1
Rhône,23,5,4,2012,44.9,1
Saône-et-Loire,23,5,4,2012,58.7,1
Sarthe,23,5,4,2012,64.1,1
Savoie,23,5,4,2012,58,1
Seine-et-Marne,23,5,4,2012,55.4,1
Seine-Maritime,23,5,4,2012,62,1
Seine-Saint-Denis,23,5,4,2012,43.5,1
Somme,23,5,4,2012,65.4,1
Tarn,23,5,4,2012,63.6,1
Tarn-et-Garonne,23,5,4,2012,61,1
Territoire de Belfort,23,5,4,2012,49.5,1
Val-d'Oise,23,5,4,2012,46.6,1
Val-de-Marne,23,5,4,2012,46,1
Var,23,5,4,2012,56.7,1
Vaucluse,23,5,4,2012,51.9,1
Vendée,23,5,4,2012,62.7,1
Vienne,23,5,4,2012,64.5,1
Vosges,23,5,4,2012,63.8,1
Yonne,23,5,4,2012,62.7,1
Yvelines,23,5,4,2012,44.7,1
Ain,24,6,4,2013,52.2,1
Aisne,24,6,4,2013,66.2,1
Allier,24,6,4,2013,67.4,1
Alpes-de-Haute-Provence,24,6,4,2013,65.4,1
Alpes-Maritimes,24,6,4,2013,54.9,1
Ardèche,24,6,4,2013,65.8,1
Ardennes,24,6,4,2013,64.5,1
Ariège,24,6,4,2013,67.3,1
Aube,24,6,4,2013,65,1
Aude,24,6,4,2013,65.1,1
Aveyron,24,6,4,2013,63.8,1
Bas-Rhin,24,6,4,2013,50.3,1
Bouches-du-Rhône,24,6,4,2013,55.8,1
Calvados,24,6,4,2013,65.8,1
Cantal,24,6,4,2013,70.9,1
Charente,24,6,4,2013,66.2,1
Charente-Maritime,24,6,4,2013,69.3,1
Cher,24,6,4,2013,65.6,1
Corrèze,24,6,4,2013,65.5,1
Corse-du-Sud,24,6,4,2013,59.2,1
Côte-d'Or,24,6,4,2013,57.5,1
Côtes-d'Armor,24,6,4,2013,67.7,1
Creuse,24,6,4,2013,70.5,1
Deux-Sèvres,24,6,4,2013,66.2,1
Dordogne,24,6,4,2013,68.8,1
Doubs,24,6,4,2013,54.2,1
Drôme,24,6,4,2013,56.2,1
Essonne,24,6,4,2013,52.7,1
Eure,24,6,4,2013,62.8,1
Eure-et-Loir,24,6,4,2013,57.5,1
Finistère,24,6,4,2013,64.6,1
Gard,24,6,4,2013,56.8,1
Gers,24,6,4,2013,67,1
Gironde,24,6,4,2013,61,1
Haut-Rhin,24,6,4,2013,49.4,1
Haute-Corse,24,6,4,2013,55,1
Haute-Garonne,24,6,4,2013,57.2,1
Haute-Loire,24,6,4,2013,62.4,1
Haute-Marne,24,6,4,2013,68.9,1
Haute-Saône,24,6,4,2013,61.3,1
Haute-Savoie,24,6,4,2013,51.6,1
Haute-Vienne,24,6,4,2013,64,1
Hautes-Alpes,24,6,4,2013,65.6,1
Hautes-Pyrénées,24,6,4,2013,68.7,1
Hauts-de-Seine,24,6,4,2013,39.8,1
Hérault,24,6,4,2013,56.8,1
Ille-et-Vilaine,24,6,4,2013,63,1
Indre,24,6,4,2013,70.3,1
Indre-et-Loire,24,6,4,2013,61.6,1
Isère,24,6,4,2013,53.5,1
Jura,24,6,4,2013,60.3,1
Landes,24,6,4,2013,66.2,1
Loir-et-Cher,24,6,4,2013,60.9,1
Loire,24,6,4,2013,51.5,1
Loire-Atlantique,24,6,4,2013,61,1
Loiret,24,6,4,2013,56.2,1
Lot,24,6,4,2013,70,1
Lot-et-Garonne,24,6,4,2013,63,1
Lozère,24,6,4,2013,62.6,1
Maine-et-Loire,24,6,4,2013,61.7,1
Manche,24,6,4,2013,66.6,1
Marne,24,6,4,2013,60,1
Mayenne,24,6,4,2013,63,1
Meurthe-et-Moselle,24,6,4,2013,58.7,1
Meuse,24,6,4,2013,67.1,1
Morbihan,24,6,4,2013,66,1
Moselle,24,6,4,2013,52.1,1
Nièvre,24,6,4,2013,68.7,1
Nord,24,6,4,2013,57.1,1
Oise,24,6,4,2013,58.5,1
Orne,24,6,4,2013,64.4,1
Paris,24,6,4,2013,45.6,1
Pas-de-Calais,24,6,4,2013,66.2,1
Puy-de-Dôme,24,6,4,2013,62.4,1
Pyrénées-Atlantiques,24,6,4,2013,62.2,1
Pyrénées-Orientales,24,6,4,2013,66.3,1
Rhône,24,6,4,2013,45.5,1
Saône-et-Loire,24,6,4,2013,59.6,1
Sarthe,24,6,4,2013,65,1
Savoie,24,6,4,2013,58,1
Seine-et-Marne,24,6,4,2013,56.9,1
Seine-Maritime,24,6,4,2013,62.2,1
Seine-Saint-Denis,24,6,4,2013,43.7,1
Somme,24,6,4,2013,65.9,1
Tarn,24,6,4,2013,64.3,1
Tarn-et-Garonne,24,6,4,2013,61.8,1
Territoire de Belfort,24,6,4,2013,52.5,1
Val-d'Oise,24,6,4,2013,46.7,1
Val-de-Marne,24,6,4,2013,46.4,1
Var,24,6,4,2013,56.6,1
Vaucluse,24,6,4,2013,52.9,1
Vendée,24,6,4,2013,65.8,1
Vienne,24,6,4,2013,65,1
Vosges,24,6,4,2013,64.6,1
Yonne,24,6,4,2013,63.9,1
Yvelines,24,6,4,2013,45.4,1
